{"sigma8": {"Planck": {"z": [0.0, 0.045454545454545456, 0.09090909090909091, 0.13636363636363635, 0.18181818181818182, 0.2272727272727273, 0.2727272727272727, 0.3181818181818182, 0.36363636363636365, 0.4090909090909091, 0.4545454545454546, 0.5, 0.5454545454545454, 0.5909090909090909, 0.6363636363636364, 0.6818181818181819, 0.7272727272727273, 0.7727272727272727, 0.8181818181818182, 0.8636363636363636, 0.9090909090909092, 0.9545454545454546, 1.0, 1.0454545454545454, 1.0909090909090908, 1.1363636363636365, 1.1818181818181819, 1.2272727272727273, 1.2727272727272727, 1.3181818181818181, 1.3636363636363638, 1.4090909090909092, 1.4545454545454546, 1.5, 1.5454545454545454, 1.590909090909091, 1.6363636363636365, 1.6818181818181819, 1.7272727272727273, 1.7727272727272727, 1.8181818181818183, 1.8636363636363638, 1.9090909090909092, 1.9545454545454546, 2.0, 2.0454545454545454, 2.090909090909091, 2.1363636363636362, 2.1818181818181817, 2.2272727272727275, 2.272727272727273, 2.3181818181818183, 2.3636363636363638, 2.409090909090909, 2.4545454545454546, 2.5, 2.5454545454545454, 2.590909090909091, 2.6363636363636362, 2.681818181818182, 2.7272727272727275, 2.772727272727273, 2.8181818181818183, 2.8636363636363638, 2.909090909090909, 2.9545454545454546, 3.0, 3.0454545454545454, 3.090909090909091, 3.1363636363636362, 3.181818181818182, 3.2272727272727275, 3.272727272727273, 3.3181818181818183, 3.3636363636363638, 3.409090909090909, 3.4545454545454546, 3.5, 3.5454545454545454, 3.590909090909091, 3.6363636363636367, 3.681818181818182, 3.7272727272727275, 3.772727272727273, 3.8181818181818183, 3.8636363636363638, 3.909090909090909, 3.9545454545454546, 4.0, 4.045454545454546, 4.090909090909091, 4.136363636363637, 4.181818181818182, 4.2272727272727275, 4.2727272727272725, 4.318181818181818, 4.363636363636363, 4.409090909090909, 4.454545454545455, 4.5], "s8": [0.8133126148741041, 0.7940383832989054, 0.7751357185118161, 0.7566426787224966, 0.7385894539252886, 0.7209990780715505, 0.7038881691304953, 0.6872676671038086, 0.6711435679237567, 0.6555176053540321, 0.6403879091567781, 0.6257495901264444, 0.6115952796930524, 0.5979156102815135, 0.5846996357574025, 0.571935198357947, 0.559609246396214, 0.5477081018224623, 0.536217685504156, 0.5251237083818887, 0.5144118290330724, 0.5040677806577412, 0.49407746898204985, 0.4844270559905595, 0.4751030251430408, 0.4660922246267146, 0.4573819034070321, 0.4489597390901218, 0.4408138470714723, 0.4329327930755902, 0.4253055958845029, 0.4179217208269805, 0.41077108065174567, 0.4038440203172127, 0.39713131152488107, 0.3906241370793704, 0.3843140786662968, 0.378193102679446, 0.3722535443232634, 0.3664880943513316, 0.3608897819288057, 0.355451961669093, 0.35016829722686993, 0.34503274810469764, 0.3400395550867556, 0.3351832264151468, 0.3304585259749051, 0.32586045870506913, 0.32138426125733005, 0.3170253873579972, 0.3127794997094366, 0.3086424575586858, 0.3046103073689809, 0.3006792741464187, 0.2968457504895748, 0.29310629016489886, 0.28945759881191013, 0.285896525982309, 0.28242005928897884, 0.27902531607002445, 0.2757095372598529, 0.272470082087899, 0.2693044210396685, 0.26621013066253746, 0.26318488908315274, 0.26022647023902945, 0.25733273914751903, 0.254501648223746, 0.25173123268588066, 0.24901960613639101, 0.24636495750260176, 0.24376554743689954, 0.24121970437804993, 0.2387258217587347, 0.23628235520646104, 0.23388781934586342, 0.23154078498320016, 0.22923987691741515, 0.2269837714445994, 0.2247711937167717, 0.22260091578745952, 0.22047175465870766, 0.21838257015760323, 0.21633226291347377, 0.2143197728267139, 0.21234407738543867, 0.21040418988587206, 0.20849915793000576, 0.20662806211443874, 0.20479001461871274, 0.20298415773927214, 0.20120966275281865, 0.199465728775827, 0.19775158158433406, 0.19606647243948114, 0.19440967717815394, 0.1927804952405921, 0.19117824867556876, 0.18960228121795764, 0.18805195751880674]}, "IBIS": {"z": 2.83, "z_err": [[0.5300000000000002], [0.5299999999999998]], "s8": 0.26849990554161446, "s8_err": 0.01746466785399446}, "Piccirilli+24": {"z": [0.69, 1.59, 2.72], "z_err": [[0.31, 0.59, 0.42], [0.31, 0.7099999999999997, 1.28]], "s8": [0.65, 0.39, 0.22], "s8_err": [[0.1, 0.06, 0.06], [0.1, 0.06, 0.06]]}, "Miyatake+22": {"z": [3.8], "z_err": [[0.8], [0.45]], "s8": [0.12166949687040171], "s8_err": [[0.06612472656000093], [0.052899781248000745]]}, "Farren+23": {"z": [0.6, 1.1], "z_err": [0.3, 0.4], "s8": [0.5862245116363984, 0.47600386505021874], "s8_err": [[0.01536918195301419, 0.00989250086290186], [0.01536918195301419, 0.00989250086290186]]}, "Sailer+24": {"z": [0.47, 0.628, 0.791, 0.924], "z_err": [0.063, 0.074, 0.078, 0.096], "s8": [0.5601170984732526, 0.5601626525411408, 0.5214655875670122, 0.4963325415465695], "s8_err": [[0.030466620419047213, 0.025265068091417438, 0.021366067608379505, 0.01884807119797099], [0.039840965163369435, 0.03392737715133198, 0.025372205284950662, 0.01884807119797099]]}, "Sailer+25": {"z": [0.229, 0.363], "z_err": [0.0597, 0.0621], "s8": [0.8688584693908611, 0.6537729242240814], "s8_err": [[0.06554080197239931, 0.03301883455677179], [0.09742551644545842, 0.05200466442691557]]}, "deBelsunce+25": {"z": [1.49, 2.85], "z_err": [[0.69, 0.3500000000000001], [0.6100000000000001, 0.6499999999999999]], "s8": [0.4535375768201732, 0.24962063155439118], "s8_err": [[0.04136661414953228, 0.10510342381237524], [0.03139875531831968, 0.04598274791791417]]}}}