{"theory": {"R": [0.3848387552593944, 0.41837680814113504, 0.4548376461522999, 0.4944759851209944, 0.5375687389330694, 0.5844169540556754, 0.635347912651292, 0.6907174189746351, 0.7509122850252133, 0.8163530328203497, 0.8874968321667639, 0.9648406944540315, 1.0489249447817917, 1.1403369966770247, 1.2397154557716155, 1.3477545811085503, 1.4652091352434617, 1.5928996570244152, 1.7317181938856059, 1.8826345337008643, 2.0467029797327396, 2.2250697160070674, 2.4189808145675658, 2.6297909405492907, 2.8589728158846257, 3.108127507755427, 3.3789956136665187, 3.67346942127961, 3.9936061279563866, 4.3416422123626095, 4.7200090585334635, 5.131349941550013, 5.578538493488922, 6.064698778648739, 6.593227118298552, 7.1678158174169075, 7.792478959176292, 8.471580447373732, 9.209864492712233, 10.012488755910596, 10.885060379179727, 11.833675157781752, 12.864960125324881, 13.986119850295424, 15.204986767254974, 16.53007589431714, 17.970644319160726, 19.536755869149296, 21.239351417343357, 23.09032531556366], "wt": [0.3587727058759438, 0.34107854333157195, 0.32463544421495966, 0.3092511960942502, 0.294813090767287, 0.2811883461579649, 0.26824649678598156, 0.2559243155125765, 0.24413765229759773, 0.23288123886093742, 0.2221634961329188, 0.21195967812952574, 0.2022313436620229, 0.19289934182299626, 0.18394294993149807, 0.17534753375967085, 0.16708729889959043, 0.15914786758512717, 0.15149179405207835, 0.14411403750015156, 0.13700321540309543, 0.13014278395387358, 0.1235282739139451, 0.117132699013832, 0.11094864922114421, 0.10495769795939468, 0.09914386242594445, 0.09350512607911605, 0.08802888406753696, 0.0827189936713537, 0.07757344333952426, 0.07259131796351058, 0.06777868990788537, 0.06312818779947119, 0.058648110203440657, 0.05433502682467626, 0.050185450938582225, 0.046199124753421486, 0.04236759848046128, 0.038698040450740025, 0.0351935332793979, 0.03186043799331967, 0.028704864649231478, 0.02572819209936133, 0.022936320489526835, 0.02032473618845805, 0.017889308995580507, 0.015627117734607756, 0.0135308073967897, 0.011610425350429051]}, "approx": {"R": [0.11091309729876157, 0.13644213296402957, 0.16784722545099995, 0.20648087566196294, 0.25400689168125296, 0.3124720428210451, 0.3843942063874456, 0.4728708033212962, 0.5817121926347302, 0.7156057694473137, 0.8803178337158138, 1.0829419233953779, 1.332204306820705, 1.6388397907314871, 2.0160540286005046, 2.480092239170107, 3.0509388277959832, 3.753178040695723, 4.617052717289861, 5.679766737173531, 6.987087253281098, 8.595315713486082, 10.573712555229267, 13.007479995783413, 16.00143137587279, 19.684505081673592, 24.215317443080846, 29.788993750983398, 36.645571580135716, 45.080338317588115], "wt": [0.7382142025501898, 0.7012404451404252, 0.6424211838249372, 0.5680875281209274, 0.49277573606966935, 0.425795655412562, 0.37392012645458533, 0.32959439880865754, 0.29350680973699683, 0.26204441835317693, 0.23396549882102521, 0.2094104112163321, 0.1858712071992579, 0.16485335357256883, 0.14643096850767426, 0.12927334234267945, 0.11333043210866883, 0.0987123819988348, 0.08495334329723073, 0.07232481723021356, 0.06084795009004844, 0.05026033167033041, 0.040735835551170566, 0.032038575252212285, 0.0243732529858868, 0.017916414856199214, 0.012589815971505854, 0.008605077255602044, 0.005642995287610193, 0.0032468189755617475]}, "mock": {"R": [0.5373497163725585, 0.9697305759529296, 1.7500286336543118, 3.1581970235396963, 5.6994544247355625, 10.285545992703797, 18.561856711913894], "wt": [0.32033734976434064, 0.2138682020781445, 0.14714089657298562, 0.1022510890257049, 0.0689583537332719, 0.03899040561054162, 0.01852468204494418]}}