{
    "notes": "# All lengths comoving, units Mpc/h, Msun/h, etc.",
    "params": {
        "output": "mPk",
        "P_k_max_h/Mpc": 50.0,
        "z_pk": "0.0,10",
        "A_s": 2.090524323509276e-09,
        "n_s": 0.96824,
        "h": 0.677,
        "N_ur": 2.0328,
        "N_ncdm": 1,
        "m_ncdm": 0.06,
        "tau_reio": 0.0568,
        "omega_b": 0.022447,
        "omega_cdm": 0.11923
    },
    "derived": {
        "H0": 67.7,
        "Omega_Lambda": 0.6893992131586857,
        "z_reio": 7.9023895263671875,
        "age": 13.785634460567344,
        "conformal_age": 14166.937852332518,
        "Neff": 3.045998221453432,
        "100*theta_s": 1.0418455653289034,
        "rs_rec": 144.66949406942757,
        "rs_d": 147.21579945061094,
        "OmegaM": 0.3105217778123229,
        "sigma8": 0.8071795932813565,
        "omeganu": 0.000636
    },
    "zlist": [
        0.4,
        0.6000000000000001,
        0.8000000000000002,
        1.0000000000000002,
        1.2000000000000002,
        1.4000000000000004,
        1.6000000000000005,
        1.8000000000000003,
        2.0000000000000004,
        2.2000000000000006,
        2.400000000000001,
        2.6000000000000005,
        2.8000000000000007,
        3.000000000000001,
        3.2000000000000006,
        3.400000000000001,
        3.600000000000001,
        3.800000000000001,
        4.000000000000002
    ],
    "Sig_Zel": [
        4.745098920343541,
        4.290513722056291,
        3.899191283884999,
        3.5634107623792532,
        3.274786545602375,
        3.0255883095299203,
        2.8091807340530464,
        2.6200577410183676,
        2.4537201073346155,
        2.306511086049447,
        2.175459033649805,
        2.058142004961881,
        1.9525757956496186,
        1.8571261745413217,
        1.7704384215580193,
        1.6913827261905117,
        1.6190108279529363,
        1.552522141179712,
        1.4912366225119362
    ],
    "Dz": [
        0.8109938552930311,
        0.7333348740602369,
        0.6664789023230391,
        0.6091084863557494,
        0.5597922773747741,
        0.5172105094110065,
        0.4802301864362739,
        0.4479110090470635,
        0.4194845268216646,
        0.39432619789752926,
        0.37192845699036575,
        0.3518775375920805,
        0.33383451580756424,
        0.3175201825607093,
        0.30270310691823643,
        0.28919025524575054,
        0.2768196176187191,
        0.2654543964665638,
        0.25497840721411996
    ],
    "chi": [
        1599.432464894854,
        2271.585078999319,
        2866.9662264353947,
        3394.7210910428125,
        3864.0244043215876,
        4283.23747833447,
        4659.620762020058,
        4999.326147409634,
        5307.506688053338,
        5588.4612756579245,
        5845.777125215991,
        6082.455850520687,
        6301.019576593743,
        6503.598036911869,
        6691.999186578391,
        6867.766155725747,
        7032.223141291711,
        7186.512443984901,
        7331.624453514072
    ],
    "chi05": [
        1.3957681337851913,
        1.982331943385681,
        2.5019000097387467,
        2.962453011279563,
        3.3719974116412157,
        3.73782983208779,
        4.066286209576858,
        4.362735082667076,
        4.631673338907516,
        4.876852469021661,
        5.101402908639394,
        5.307944059938902,
        5.498676892208993,
        5.675459948517591,
        5.839870967328763,
        5.9932565837223954,
        6.136772377523938,
        6.271415194154055,
        6.398049311677526
    ],
    "sig_z": [
        1.1275027325811569,
        1.1423285552971856,
        1.1381486796851386,
        1.1224556760220494,
        1.1003181710969512,
        1.074961214014954,
        1.048357803457131,
        1.0216777359713605,
        0.9955907428457176,
        0.9704604117145197,
        0.9464650848411289,
        0.9236723624652069,
        0.902084799480715,
        0.8816678756319711,
        0.8623670766037351,
        0.8441182745887152,
        0.8268539737124277,
        0.8105069969733392,
        0.7950125886862928
    ],
    "sig_star": [
        1.838900519889078,
        1.5762329907905874,
        1.3175352814377153,
        1.0853536567857598,
        0.8870776165273186,
        0.7223572042928416,
        0.58757677572513,
        0.47816482267445387,
        0.3896710464087952,
        0.3181758386285215,
        0.2603188802295328,
        0.21350876534871038,
        0.17526514490211634,
        0.144373431717066,
        0.11907575381082838,
        0.09699171289473277,
        0.07593662636966543,
        0.05331380027732961,
        0.02006833174649069
    ],
    "Mstar": [
        1091990004283.2485,
        541185451420.0498,
        267774469216.63202,
        133229865364.08858,
        66925360335.243965,
        34010411759.562016,
        17499049852.535805,
        9116388151.420565,
        4807280777.6216345,
        2564686891.509776,
        1382415209.1286783,
        753106335.6510811,
        412334403.54433596,
        228560531.82935768,
        127358639.61573876,
        68436608.72791752,
        32686553.924410254,
        11266533.92729397,
        598860.4836418041
    ]
}