{"total": {"z1": {"R": [0.5373497163725585, 0.9697305759529296, 1.7500286336543118, 3.1581970235396963, 5.6994544247355625, 10.285545992703797, 18.561856711913894], "data": [36.37888189302595, 43.431977562708255, 15.788569954391525, 7.951964967989911, 1.2342587716967235, 3.1769539226422276, 0.8945618062843055], "sim": [29.574272188456973, 20.39546696268816, 14.661685566458791, 10.767258715200946, 6.838509580264534, 3.6617793630089372, 1.505742119152717], "cov": [[694.9074688300597, 10.628936257037592, 1.7160197976408498, 17.081258369870078, 4.463540365298839, 4.225546055885193, 3.978600729606486], [10.628936257037525, 193.06370412557612, -2.997805647155686, -4.957931080673575, 2.045269802194902, 1.6542827000285771, 0.2738898340990854], [1.7160197976408131, -2.997805647155687, 62.328421653970665, 6.714855245718612, 2.3709811455009735, 2.232568985030762, 1.0598574144712172], [17.081258369870046, -4.957931080673576, 6.714855245718612, 20.243808698013368, 3.0634791258871976, 1.7608788812488243, 1.0068872838468739], [4.463540365298806, 2.0452698021949027, 2.3709811455009726, 3.0634791258871967, 8.241199147498852, 2.006211047892889, 1.0678818659674003], [4.225546055885107, 1.6542827000285771, 2.2325689850307624, 1.7608788812488232, 2.006211047892889, 3.347113783809445, 1.10840346507762], [3.9786007296064456, 0.2738898340990864, 1.0598574144712167, 1.0068872838468739, 1.0678818659674003, 1.10840346507762, 1.421243747783816]], "chi2": 19.256544454198327, "powerlaw": {"2": [23.739587437872565, 14.566690372440325, 8.858908427432135, 5.289812570044048, 3.076724403909056, 1.70332294697701, 0.8652106604442727], "3": [49.253538131492675, 30.222135982196868, 18.379956483061488, 10.975000547459496, 6.38341180716025, 3.533957021735713, 1.7950895889614893], "4": [82.66604486583019, 50.724162036352645, 30.848510886759307, 18.420197250331064, 10.713776651719847, 5.931315003864201, 3.0128385112782947], "5": [123.52793539873763, 75.79715494253242, 46.09695390836316, 27.52531513590575, 16.00960481728813, 8.863168642168255, 4.502086940194829]}, "hod": {"logM_cut": 11.25, "logM1": 11.948970004336019, "sigma": 0.66, "kappa": 1, "alpha": 0.33}}, "z2": {"R": [0.5373497163725585, 0.9697305759529296, 1.7500286336543118, 3.1581970235396963, 5.6994544247355625, 10.285545992703797, 18.561856711913894], "data": [43.62187119715773, 45.966165235129004, 11.024735248211346, 12.217582150357002, 6.041145177868078, 7.6233753699544575, 2.195735619875912], "sim": [47.208372813719606, 32.142297376090866, 22.557695251182942, 16.11996103266862, 10.380691870082735, 5.566555371230368, 2.4189045399139415], "cov": [[870.5076818454463, 24.28219299571682, 22.288444891253064, 9.764498015017535, 6.60345714554763, 6.956989958945697, 1.9061189138781076], [24.282192995716866, 242.80252393561676, 11.846917418523399, -0.020516018438860115, 2.8474229342480086, 1.383770049262748, 1.816273633991489], [22.28844489125323, 11.846917418523402, 77.90832148974425, 7.376430540509587, 6.326360654760987, 3.2547458201480985, 1.2487038211510229], [9.76449801501753, -0.020516018438859585, 7.376430540509589, 28.420113698874598, 5.109818876751882, 3.2728000897853247, 1.6553715434642806], [6.603457145547669, 2.847422934248009, 6.326360654760987, 5.109818876751882, 9.944812936151184, 2.355072784544988, 1.3130984743617826], [6.956989958945768, 1.3837700492627478, 3.2547458201480985, 3.272800089785323, 2.355072784544988, 4.563312025249599, 1.424440962345251], [1.9061189138781682, 1.8162736339914909, 1.2487038211510249, 1.6553715434642808, 1.3130984743617828, 1.4244409623452512, 2.0466683795679255]], "chi2": 23.624250705562186, "powerlaw": {"2": [20.04927651086196, 12.325444300951663, 7.504105603231107, 4.494227574084423, 2.625026049364309, 1.46815873318338, 0.7574520113797734], "3": [41.59709210283883, 25.572126830478542, 15.569089077000982, 9.324366304640803, 5.446253897920023, 3.04605176215362, 1.5715181075873328], "4": [69.81563584084252, 42.91968991627391, 26.13081343970577, 15.649809384800669, 9.140871623764397, 5.112425648723665, 2.6376011007057762], "5": [104.32555915753224, 64.13492615881532, 39.04729492907767, 23.385522384987038, 13.659211605698276, 7.6395016392930915, 3.941369384545191]}, "hod": {"logM_cut": 12.0, "logM1": 12.698970004336019, "sigma": 0.66, "kappa": 1, "alpha": 0.5}}}, "wide": {"z1": {"R": [0.5373497163725585, 0.9697305759529296, 1.7500286336543118, 3.1581970235396963, 5.6994544247355625, 10.285545992703797, 18.561856711913894], "data": [8.89911691847487, 51.49447456691846, 12.703521256053174, 3.1770865120669614, -2.823383797580594, 4.664955145050804, -1.4309440118941974], "sim": [23.02871957934842, 16.73735027985052, 13.478389288402868, 9.591268306439218, 6.090725888227364, 3.5974743751499174, 1.2827910416847945], "cov": [[1270.5989616577506, 9.182587269497382, 31.018593018326342, 14.550173968133342, 5.311042004981806, 8.64563894967188, 4.942792798247103], [9.182587269497384, 386.86405510375306, -23.814673236912753, -0.9180926669821624, 0.5550954525688975, 4.762057802873767, 0.7726322523436854], [31.018593018326353, -23.814673236912757, 115.08251620405755, 6.5697297873166915, 2.093920626170146, 2.50077862151912, 1.211251582493723], [14.550173968133192, -0.9180926669821611, 6.569729787316687, 40.91996300004212, 3.038527002632185, 2.0576996336202664, 1.4723407434088425], [5.311042004981689, 0.555095452568899, 2.0939206261701426, 3.0385270026321827, 16.778126451316098, 2.42194053707568, 1.3158657833665295], [8.645638949671804, 4.762057802873768, 2.500778621519117, 2.057699633620267, 2.4219405370756806, 6.198895811544147, 1.4597521323113898], [4.942792798247115, 0.7726322523436842, 1.2112515824937202, 1.4723407434088418, 1.3158657833665297, 1.4597521323113891, 2.5193014247076992]], "chi2": 15.376120653366037, "powerlaw": {"2": [23.44008237716072, 14.397271771710335, 8.737390736605251, 5.2274252321868975, 3.031460129563942, 1.680884943699573, 0.8522938723301645], "3": [48.63214216296749, 29.870635960004957, 18.12783852884444, 10.845562867377184, 6.289500079827754, 3.4874039359707654, 1.7682905758118448], "4": [81.62310766857927, 50.134212203159265, 30.42536170996015, 18.202951921874714, 10.556157293606532, 5.853181338294554, 2.9678596426034396], "5": [121.969473530433, 74.91559244608682, 45.464641763025725, 27.200685271941772, 15.774074087371002, 8.746413444691225, 4.434874981609008]}, "hod": {"logM_cut": 11.0, "logM1": 12.0, "sigma": 0.66, "kappa": 1, "alpha": 0.5}}, "z2": {"R": [0.5373497163725585, 0.9697305759529296, 1.7500286336543118, 3.1581970235396963, 5.6994544247355625, 10.285545992703797, 18.561856711913894], "data": [66.98078318034774, 51.34778461626373, 7.4934765271753285, 10.693760097835023, 4.466569164079357, 8.458335224185255, 1.6979118579816488], "sim": [42.362693142254365, 30.28174541063418, 19.562598551182305, 14.016790044716688, 8.437304915039295, 4.769784465922108, 1.8521460862786436], "cov": [[1699.5272911948093, 5.748971634537294, -37.62359250703557, -0.37099717060369336, -10.662585903852987, 4.27103403034417, -2.5690000446408416], [5.748971634537424, 494.7760179541641, 11.7505040102486, 12.25801136012407, 4.969905169159092, 2.428987314741666, -2.5440976992309023], [-37.623592507035355, 11.750504010248576, 147.86385807253586, 4.618747126825258, 7.391839574133505, 3.359782294607193, 1.9394215037759734], [-0.3709971706035296, 12.258011360124092, 4.618747126825256, 49.22914248353414, 4.467659137558183, 2.7528324565667686, 1.6842470001174459], [-10.662585903852436, 4.969905169159126, 7.391839574133492, 4.467659137558186, 16.129116541258867, 3.143761091298725, 1.571552872899176], [4.271034030344158, 2.428987314741622, 3.359782294607188, 2.752832456566767, 3.1437610912987237, 6.670716630007366, 1.3115097066724346], [-2.5690000446409145, -2.5440976992308864, 1.9394215037759726, 1.684247000117446, 1.5715528728991779, 1.3115097066724342, 2.582602203463895]], "chi2": 18.551468993447187,