{"M411": 0.005529148308581082, "M438": 0.006141985001026387, "M464": 0.006860892439292894, "M490": 0.0077576757319235854, "M517": 0.008585766663082172}