{"M411": 0.005482140785534691, "M438": 0.006165196962111823, "M464": 0.00674791711480774, "M490": 0.00767094017726664, "M517": 0.008697257002060487}