{"z1": {"z": 2.5, "data": [8.89911691847487, 51.49447456691846, 12.703521256053174, 3.1770865120669614, -2.823383797580594, 4.664955145050804, -1.4309440118941974], "sim": [23.02871957934842, 16.73735027985052, 13.478389288402868, 9.591268306439218, 6.090725888227364, 3.5974743751499174, 1.2827910416847945], "cov": [[1270.5989616577506, 9.182587269497382, 31.018593018326342, 14.550173968133342, 5.311042004981806, 8.64563894967188, 4.942792798247103], [9.182587269497384, 386.86405510375306, -23.814673236912753, -0.9180926669821624, 0.5550954525688975, 4.762057802873767, 0.7726322523436854], [31.018593018326353, -23.814673236912757, 115.08251620405755, 6.5697297873166915, 2.093920626170146, 2.50077862151912, 1.211251582493723], [14.550173968133192, -0.9180926669821611, 6.569729787316687, 40.91996300004212, 3.038527002632185, 2.0576996336202664, 1.4723407434088425], [5.311042004981689, 0.555095452568899, 2.0939206261701426, 3.0385270026321827, 16.778126451316098, 2.42194053707568, 1.3158657833665295], [8.645638949671804, 4.762057802873768, 2.500778621519117, 2.057699633620267, 2.4219405370756806, 6.198895811544147, 1.4597521323113898], [4.942792798247115, 0.7726322523436842, 1.2112515824937202, 1.4723407434088418, 1.3158657833665297, 1.4597521323113891, 2.5193014247076992]], "hod": {"logM_cut": 11.0, "logM1": 12.0, "sigma": 0.66, "kappa": 1, "alpha": 0.5}, "chi2": 12.098790013675025}, "z2": {"z": 3.0, "data": [66.98078318034774, 51.34778461626373, 7.4934765271753285, 10.693760097835023, 4.466569164079357, 8.458335224185255, 1.6979118579816488], "sim": [42.362693142254365, 30.28174541063418, 19.562598551182305, 14.016790044716688, 8.437304915039295, 4.769784465922108, 1.8521460862786436], "cov": [[1699.5272911948093, 5.748971634537294, -37.62359250703557, -0.37099717060369336, -10.662585903852987, 4.27103403034417, -2.5690000446408416], [5.748971634537424, 494.7760179541641, 11.7505040102486, 12.25801136012407, 4.969905169159092, 2.428987314741666, -2.5440976992309023], [-37.623592507035355, 11.750504010248576, 147.86385807253586, 4.618747126825258, 7.391839574133505, 3.359782294607193, 1.9394215037759734], [-0.3709971706035296, 12.258011360124092, 4.618747126825256, 49.22914248353414, 4.467659137558183, 2.7528324565667686, 1.6842470001174459], [-10.662585903852436, 4.969905169159126, 7.391839574133492, 4.467659137558186, 16.129116541258867, 3.143761091298725, 1.571552872899176], [4.271034030344158, 2.428987314741622, 3.359782294607188, 2.752832456566767, 3.1437610912987237, 6.670716630007366, 1.3115097066724346], [-2.5690000446409145, -2.5440976992308864, 1.9394215037759726, 1.684247000117446, 1.5715528728991779, 1.3115097066724342, 2.582602203463895]], "hod": {"logM_cut": 11.75, "logM1": 12.448970004336019, "sigma": 0.66, "kappa": 1, "alpha": 0.33}, "chi2": 6.646914424863334}, "R": [0.5373497163725585, 0.9697305759529296, 1.7500286336543118, 3.1581970235396963, 5.6994544247355625, 10.285545992703797, 18.561856711913894], "rbins": [0.4, 0.7218617942141726, 1.3027111248652612, 2.3509434748450015, 4.242640687119286, 7.656500546524945, 13.817338054790728, 24.935521098737503]}