{"2": {"wp": [[23.44008237716072, 14.397271771710335, 8.737390736605251, 5.2274252321868975, 3.031460129563942, 1.680884943699573, 0.8522938723301645], [19.84496459469359, 12.222134494322162, 7.4268487723189365, 4.455773804567157, 2.5984724805071333, 1.4520985974901814, 0.7500348661688612]], "chi2": [1.3695652815729211, 5.291417129956168]}, "3": {"wp": [[48.63214216296749, 29.870635960004957, 18.12783852884444, 10.845562867377184, 6.289500079827754, 3.4874039359707654, 1.7682905758118448], [41.17319742564394, 25.357785552918447, 15.408801023250712, 9.244584623169926, 5.391162072097148, 3.0127311112437387, 1.5561294389582523]], "chi2": [1.3088965475332957, 1.1506126046861536]}, "4": {"wp": [[81.62310766857927, 50.134212203159265, 30.42536170996015, 18.202951921874714, 10.556157293606532, 5.853181338294554, 2.9678596426034396], [69.10418042600858, 42.55994427485259, 25.86178952902952, 15.5159055819442, 9.048406726459843, 5.056501008026355, 2.6117731009401384]], "chi2": [10.403392501515045, 1.287082937431568]}, "5": {"wp": [[121.969473530433, 74.91559244608682, 45.464641763025725, 27.200685271941772, 15.774074087371002, 8.746413444691225, 4.434874981609008], [103.26243077555475, 63.597357965906184, 38.64529228926747, 23.18542982781021, 13.521041237448216, 7.555933405026326, 3.9027745843257478]], "chi2": [35.66698897497874, 10.023345103568362]}}