{
      "r": [
            0.5373497163725585,
            0.9697305759529296,
            1.7500286336543118,
            3.1581970235396963,
            5.6994544247355625,
            10.285545992703797,
            18.561856711913894
      ],
      "z1": {
            "zmin": 2.26,
            "zmax": 2.56,
            "wt": [
                  0.3584466373025731,
                  0.31097365205102195,
                  0.09821847836002601,
                  0.013869185619299139,
                  -0.015224587945002763,
                  0.010596039665432206,
                  -0.006472272175792333
            ]
      },
      "z2": {
            "zmin": 2.47,
            "zmax": 2.77,
            "wt": [
                  -0.1014687258840871,
                  0.1779759091909334,
                  0.031874542491226614,
                  0.013776714412330582,
                  -0.009311042093285206,
                  0.024229894453072085,
                  -0.004587472794615958
            ]
      },
      "z3": {
            "zmin": 2.68,
            "zmax": 2.98,
            "wt": [
                  -0.18024638412392383,
                  0.1515282873254439,
                  0.09695705491045295,
                  0.022698376042886916,
                  0.06446937036848033,
                  0.04649073570727149,
                  0.0029476280106168298
            ]
      },
      "z4": {
            "zmin": 2.89,
            "zmax": 3.2,
            "wt": [
                  0.7626103819545321,
                  0.19803195185831823,
                  -0.017884088846660928,
                  0.11408628916022341,
                  0.005548339475735698,
                  0.017295482495107914,
                  0.01380186034994317
            ]
      },
      "z5": {
            "zmin": 3.1,
            "zmax": 3.41,
            "wt": [
                  1.6030435047639051,
                  1.4237126120693475,
                  0.013459074499317372,
                  0.021431045312895112,
                  -0.08208765102951666,
                  0.18524522977528887,
                  0.047375590291873375
            ]
      }
}