{
      "r": [
            0.5373497163725585,
            0.9697305759529296,
            1.7500286336543118,
            3.1581970235396963,
            5.6994544247355625,
            10.285545992703797,
            18.561856711913894
      ],
      "z1": {
            "zmin": 2.26,
            "zmax": 2.56,
            "wt": [
                  0.2797993934653119,
                  0.07848964147497875,
                  0.1057118677408906,
                  0.005498100431633189,
                  0.009130278291436596,
                  0.009632605955523664,
                  -0.00018162192537058984
            ]
      },
      "z2": {
            "zmin": 2.47,
            "zmax": 2.77,
            "wt": [
                  0.11036869198052801,
                  0.22051581351514726,
                  0.05546572126186129,
                  0.04194715363690861,
                  0.004479332733939596,
                  0.015816592417596767,
                  0.005647078633173411
            ]
      },
      "z3": {
            "zmin": 2.68,
            "zmax": 2.98,
            "wt": [
                  0.04369182771904052,
                  0.0615002888589597,
                  0.09078706338898818,
                  0.07410427219677525,
                  0.06941123956037692,
                  0.04388056382395595,
                  0.012840439140335664
            ]
      },
      "z4": {
            "zmin": 2.89,
            "zmax": 3.2,
            "wt": [
                  0.4588400281232522,
                  0.30888596872583196,
                  0.0019877891261673164,
                  0.06080068839272768,
                  -0.001176014958111725,
                  0.03181245861015474,
                  0.006610114593653309
            ]
      },
      "z5": {
            "zmin": 3.1,
            "zmax": 3.41,
            "wt": [
                  0.5635080152392755,
                  0.9767560418894806,
                  0.11278921902530585,
                  0.09524963040589918,
                  0.012474356040579728,
                  0.1167048484053481,
                  0.03865010925349754
            ]
      }
}