{"z1": {"z": 2.5, "data": [36.37888189302595, 43.431977562708255, 15.788569954391525, 7.951964967989911, 1.2342587716967235, 3.1769539226422276, 0.8945618062843055], "sim": [29.574272188456973, 20.39546696268816, 14.661685566458791, 10.767258715200946, 6.838509580264534, 3.6617793630089372, 1.505742119152717], "cov": [[694.9074688300597, 10.628936257037592, 1.7160197976408498, 17.081258369870078, 4.463540365298839, 4.225546055885193, 3.978600729606486], [10.628936257037525, 193.06370412557612, -2.997805647155686, -4.957931080673575, 2.045269802194902, 1.6542827000285771, 0.2738898340990854], [1.7160197976408131, -2.997805647155687, 62.328421653970665, 6.714855245718612, 2.3709811455009735, 2.232568985030762, 1.0598574144712172], [17.081258369870046, -4.957931080673576, 6.714855245718612, 20.243808698013368, 3.0634791258871976, 1.7608788812488243, 1.0068872838468739], [4.463540365298806, 2.0452698021949027, 2.3709811455009726, 3.0634791258871967, 8.241199147498852, 2.006211047892889, 1.0678818659674003], [4.225546055885107, 1.6542827000285771, 2.2325689850307624, 1.7608788812488232, 2.006211047892889, 3.347113783809445, 1.10840346507762], [3.9786007296064456, 0.2738898340990864, 1.0598574144712167, 1.0068872838468739, 1.0678818659674003, 1.10840346507762, 1.421243747783816]], "hod": {"logM_cut": 11.25, "logM1": 11.948970004336019, "sigma": 0.66, "kappa": 1, "alpha": 0.33}, "chi2": 7.3585499803066226}, "z2": {"z": 3.0, "data": [43.62187119715773, 45.966165235129004, 11.024735248211346, 12.217582150357002, 6.041145177868078, 7.6233753699544575, 2.195735619875912], "sim": [47.208372813719606, 32.142297376090866, 22.557695251182942, 16.11996103266862, 10.380691870082735, 5.566555371230368, 2.4189045399139415], "cov": [[870.5076818454463, 24.28219299571682, 22.288444891253064, 9.764498015017535, 6.60345714554763, 6.956989958945697, 1.9061189138781076], [24.282192995716866, 242.80252393561676, 11.846917418523399, -0.020516018438860115, 2.8474229342480086, 1.383770049262748, 1.816273633991489], [22.28844489125323, 11.846917418523402, 77.90832148974425, 7.376430540509587, 6.326360654760987, 3.2547458201480985, 1.2487038211510229], [9.76449801501753, -0.020516018438859585, 7.376430540509589, 28.420113698874598, 5.109818876751882, 3.2728000897853247, 1.6553715434642806], [6.603457145547669, 2.847422934248009, 6.326360654760987, 5.109818876751882, 9.944812936151184, 2.355072784544988, 1.3130984743617826], [6.956989958945768, 1.3837700492627478, 3.2547458201480985, 3.272800089785323, 2.355072784544988, 4.563312025249599, 1.424440962345251], [1.9061189138781682, 1.8162736339914909, 1.2487038211510249, 1.6553715434642808, 1.3130984743617828, 1.4244409623452512, 2.0466683795679255]], "hod": {"logM_cut": 12.0, "logM1": 12.698970004336019, "sigma": 0.66, "kappa": 1, "alpha": 0.5}, "chi2": 7.222328914433106}, "R": [0.5373497163725585, 0.9697305759529296, 1.7500286336543118, 3.1581970235396963, 5.6994544247355625, 10.285545992703797, 18.561856711913894], "rbins": [0.4, 0.7218617942141726, 1.3027111248652612, 2.3509434748450015, 4.242640687119286, 7.656500546524945, 13.817338054790728, 24.935521098737503]}