{"2": {"wp": [[23.739587437872565, 14.566690372440325, 8.858908427432135, 5.289812570044048, 3.076724403909056, 1.70332294697701, 0.8652106604442727], [20.04927651086196, 12.325444300951663, 7.504105603231107, 4.494227574084423, 2.625026049364309, 1.46815873318338, 0.7574520113797734]], "chi2": [3.2166203098142616, 11.382284070250739]}, "3": {"wp": [[49.253538131492675, 30.222135982196868, 18.379956483061488, 10.975000547459496, 6.38341180716025, 3.533957021735713, 1.7950895889614893], [41.59709210283883, 25.572126830478542, 15.569089077000982, 9.324366304640803, 5.446253897920023, 3.04605176215362, 1.5715181075873328]], "chi2": [1.4518707838590925, 3.66629059253717]}, "4": {"wp": [[82.66604486583019, 50.724162036352645, 30.848510886759307, 18.420197250331064, 10.713776651719847, 5.931315003864201, 3.0128385112782947], [69.81563584084252, 42.91968991627391, 26.13081343970577, 15.649809384800669, 9.140871623764397, 5.112425648723665, 2.6376011007057762]], "chi2": [15.082653435022209, 1.5510005879783577]}, "5": {"wp": [[123.52793539873763, 75.79715494253242, 46.09695390836316, 27.52531513590575, 16.00960481728813, 8.863168642168255, 4.502086940194829], [104.32555915753224, 64.13492615881532, 39.04729492907767, 23.385522384987038, 13.659211605698276, 7.6395016392930915, 3.941369384545191]], "chi2": [56.32652093745516, 11.279618860470826]}}