{"z1": {"z": 2.5, "r0": [3.6234429375802084, 3.308679360866763, 3.1190106664884114, 3.651478989796964, 3.327583484382916, 3.124729213087699, 3.65600568459683, 3.3235523290386624, 3.122311697207967, 3.592072507069006, 3.2793856535940975, 3.0896475068874536, 3.606734490955002, 3.2762164733100203, 3.0791002083509698, 3.6221064835437606, 3.277939756443129, 3.0800528694075306, 4.088961208473606, 3.6063169239261326, 3.2765219121667934, 4.124329659704803, 3.621208740580508, 3.281121556617345, 4.163828392750163, 3.641402387437012, 3.298316101019088, 4.047547507112423, 3.5587938947604023, 3.2365328413396846, 4.0534573131910285, 3.5518073471494698, 3.2194882000429748, 4.059983037849972, 3.545874330394305, 3.2154449792744892, 4.641849245003899, 3.97669627704899, 3.472675159000984, 4.670542140138049, 3.983940343557065, 3.472273888233049, 4.709375120810399, 3.996380194682244, 3.4779263274416046, 4.584364315584697, 3.921655013307235, 3.431828326418656, 4.577246218272169, 3.896557465835027, 3.4077086980644804, 4.576333094850428, 3.8834297100142545, 3.3926189765257786, 5.303828531155275, 4.42615365851993, 3.7215971046804075, 5.319906025725329, 4.415126839207752, 3.703297516736508, 5.340410712467439, 4.415387758496385, 3.6981162931149574, 5.236719375879088, 4.363230470183232, 3.674729641877013, 5.2122799860234235, 4.326395603734263, 3.6428883237566505, 5.195989939702431, 4.301837734816171, 3.6258045364329066, 6.114401366562396, 4.962842873720284, 4.023751201533887, 6.110559798434279, 4.935187190820578, 3.9995959262572445, 6.112384262666717, 4.920861993130373, 3.9856412820066067, 6.037061869493491, 4.895319985610273, 3.9801630410030118, 5.992203852726686, 4.8439861036303276, 3.94275512851664, 5.96190886079259, 4.809767363441092, 3.918946699889746, 7.103330932109535, 5.584068133589919, 4.390158265177294, 7.071105156962579, 5.5384173197336395, 4.358542062131484, 7.046403203467157, 5.507545801116668, 4.337970827864498, 7.009235489773724, 5.51114988585962, 4.348450527423502, 6.937780909055601, 5.445325334503823, 4.307216342001424, 6.884891344527112, 5.4038092015029, 4.282373924698544, 8.345000251072126, 6.298363932892937, 4.811604196531638, 8.289168269319262, 6.243708873466094, 4.77872858254969, 8.244619147717012, 6.202021451011566, 4.757097016589167, 8.241862561197946, 6.230314655817221, 4.777009041157957, 8.14602260637177, 6.15604310809148, 4.737559826503118, 8.075307285361426, 6.10907638598361, 4.713369354608763], "chi2": [11.140231859907708, 9.103520785330936, 9.091226998340877, 10.473046383365553, 10.608542568584344, 9.054503362365416, 9.663431770164491, 7.906592009668334, 11.662297233857865, 8.90063686381989, 9.67255880523793, 10.90783554420844, 10.755110738451991, 7.703716584018658, 8.867206412734367, 9.718369127007119, 11.485770246121408, 9.853042800983834, 11.273603164761177, 10.2866787712985, 7.3585499803066226, 9.594164492204508, 8.020696529928282, 10.441147186075895, 10.31457978070237, 9.196026409996055, 10.203044318361068, 9.942819322294314, 10.330636412886815, 7.427234857066521, 11.391214586847417, 8.323014696718742, 10.671559693470336, 9.370324506790023, 9.294718430470718, 8.256288114328752, 13.334884197081937, 9.001750813726053, 9.319825938528945, 14.346353710713165, 10.664664282382134, 8.198907528022, 16.943574952033668, 11.651256416892824, 7.503309015190472, 13.983462209373776, 10.317157452873564, 8.331139108275384, 13.408912890519822, 11.13772052397621, 10.566205547244355, 12.719084429114941, 9.801756842410583, 7.653341849384936, 17.660443383948596, 12.099057352478201, 10.780575299304784, 19.840005004000737, 12.398739496244533, 8.249020918280754, 20.449288557443197, 14.005386382448025, 8.917238449981308, 17.653018472375898, 11.141294912259228, 9.304986082603374, 18.419784116456285, 12.392882904080716, 9.986331369123816, 16.413707097993633, 11.339174805669035, 9.103554184321355, 27.754308039748814, 19.916426695011793, 10.438971680881595, 29.407952975016293, 15.563304302945362, 11.43458373658716, 28.556513872039655, 15.865607417940133, 11.206741008177147, 26.938656093372778, 14.643219705706821, 10.23031221740311, 26.271774110021695, 14.810427223200573, 9.654941072056072, 27.795935569476597, 14.875718947822302, 9.631840905539203, 39.77751863406715, 23.288640579361868, 12.38015659765081, 37.401074947956296, 22.806133266003553, 13.354878252248286, 32.64613160199214, 20.602055133356146, 13.127578926789335, 37.82592836722318, 21.524535096341065, 10.408155252126484, 39.9533558803952, 22.809894119228538, 12.588231597377563, 36.13490210105196, 22.55882046418843, 11.253699762868719, 45.771382856919196, 28.327047844538086, 14.695470142155585, 47.89352796186833, 28.644256455366143, 16.105752023628252, 50.525050033240504, 32.25196662238237, 15.57784495733787, 47.63200145354437, 31.35568520218782, 15.354125191063067, 47.00006362514979, 25.40412124947751, 13.410824574271421, 45.436398824758584, 29.205702939072488, 17.51722314417735], "fsat": [0.2591454352403251, 0.19203086608652253, 0.15361092984129998, 0.22962929937599763, 0.1691783049004837, 0.13492815013767523, 0.20694520014023188, 0.1518506098968826, 0.12084731033652696, 0.22225110654477198, 0.16238852029316775, 0.1285471435993365, 0.1826206564528412, 0.1322560189063493, 0.10410025483132701, 0.15667780248137286, 0.11321462568760232, 0.08897630475577156, 0.2486808095577563, 0.16971756461941112, 0.121941703746695, 0.22077833972942884, 0.14965007187064516, 0.10703007925603603, 0.2025621235608256, 0.13704775512749479, 0.09797683330173557, 0.2107683453545638, 0.14127062786914957, 0.10019432915412385, 0.17052613032342923, 0.11295235966451878, 0.07939822557038234, 0.14445932193146038, 0.09521909077293678, 0.0666955434836991, 0.23550726505910058, 0.15032812206585022, 0.09679277101195582, 0.20657003857752532, 0.1305757258455672, 0.08340144740640665, 0.18866598504650578, 0.11886811963664734, 0.07562264921874717, 0.1968981731046484, 0.12339194712554014, 0.0785612208622869, 0.15566565773379382, 0.09602697383938907, 0.06042086537701041, 0.12839206738841946, 0.07864799567600178, 0.049193112653963755, 0.2171837203958502, 0.13035950492444226, 0.07587680500257554, 0.18596457025827817, 0.11017524738261342, 0.0634557470170094, 0.1655927613791277, 0.09749540348474406, 0.05579713274721332, 0.1807924509754939, 0.10649460442863201, 0.06131001884782483, 0.13902584171379317, 0.08049101561338923, 0.04571083508516083, 0.1114647654070734, 0.06392404718223277, 0.036046610945230095, 0.19589610449641193, 0.11004428413083878, 0.058353588695472025, 0.16325892552939902, 0.09023791221781075, 0.0472717280282261, 0.1412078388207395, 0.07734727719673817, 0.04023480389252754, 0.1623262406541025, 0.0895265875337048, 0.047000889708008864, 0.1212178050359416, 0.0655287539980034, 0.0339242481206421, 0.09430248488944637, 0.050421424459386244, 0.02586568833617431, 0.17076581409856517, 0.08838741599070388, 0.04280500989863678, 0.13793260884678804, 0.06997566943547573, 0.03345974507502025, 0.11554491905340336, 0.057958160642958556, 0.02751687853053275, 0.14070207266480006, 0.0715284812760254, 0.03435484153951429, 0.10147672114694095, 0.05041818506273954, 0.02382835097547875, 0.07613943940448686, 0.037370675445205004, 0.0175378572748236, 0.14253714980515664, 0.06612368856985096, 0.029147528414536272, 0.11102471836970873, 0.050600886329868144, 0.022009600743744806, 0.08998815353860146, 0.0402869046085127, 0.017393444272000957, 0.11662679425837319, 0.05345264471275668, 0.023355837144142577, 0.08097216807045837, 0.036133317996204006, 0.015623453535431708, 0.058522759914973466, 0.025830419176232633, 0.011040844072258138]}, "z2": {"z": 3.0,