{
  "n_s": 0.9649,
  "omega_b": 0.02237,
  "omega_cdm": 0.12,
  "omega_ncdm": 0.0006442,
  "N_ncdm": 1.0,
  "N_ur": 2.0328,
  "H0": 67.36,
  "w0": -1.0,
  "wa": 0.0,
  "w": -1.0,
  "Omega_DE": 0.684808,
  "Omega_K": 0.0,
  "Omega_M": 0.315192,
  "Omega_Smooth": 0.00142,
  "Redshift": 3.000000000000001,
  "ScaleFactor": 0.2499999999999999,
  "OmegaNow_DE": 0.032833334036531,
  "OmegaNow_K": 0.0,
  "OmegaNow_m": 0.967166665963469,
  "f_growth": 0.979288442560314,
  "fsmooth": 0.004505190487068,
  "Growth": 0.249418949689528,
  "Growth_on_a_n": 0.993940156325808,
  "SimComment": "High-res LCDM, no lightcone",
  "SimName": "AbacusSummit_high_c000_ph100",
  "SimSet": "AbacusSummit",
  "BoxSize": 1000.0,
  "NP": 250047000000,
  "BoxSizeHMpc": 1000.0,
  "HubbleTimeHGyr": 9.7782,
  "ParticleMassHMsun": 348171260.2830668,
  "in_red": true,
  "R": [
    0.11091309729876157,
    0.13644213296402957,
    0.16784722545099995,
    0.20648087566196294,
    0.25400689168125296,
    0.3124720428210451,
    0.3843942063874456,
    0.4728708033212962,
    0.5817121926347302,
    0.7156057694473137,
    0.8803178337158138,
    1.0829419233953779,
    1.332204306820705,
    1.6388397907314871,
    2.0160540286005046,
    2.480092239170107,
    3.0509388277959832,
    3.753178040695723,
    4.617052717289861,
    5.679766737173531,
    6.987087253281098,
    8.595315713486082,
    10.573712555229267,
    13.007479995783413,
    16.00143137587279,
    19.684505081673592,
    24.215317443080846,
    29.788993750983398,
    36.645571580135716,
    45.080338317588115
  ],
  "k": [
    0.006031857894892403,
    0.018095573684677208,
    0.030159289474462014,
    0.04222300526424682,
    0.05428672105403163,
    0.06635043684381643,
    0.07841415263360124,
    0.09047786842338604,
    0.10254158421317086,
    0.11460530000295566,
    0.12666901579274048,
    0.13873273158252525,
    0.15079644737231007,
    0.1628601631620949,
    0.1749238789518797,
    0.1869875947416645,
    0.1990513105314493,
    0.2111150263212341,
    0.2231787421110189,
    0.23524245790080373,
    0.24730617369058852,
    0.2593698894803733,
    0.27143360527015814,
    0.28349732105994296,
    0.29556103684972773,
    0.30762475263951256,
    0.3196884684292974,
    0.33175218421908215,
    0.34381590000886697,
    0.3558796157986518,
    0.3679433315884366,
    0.3800070473782214,
    0.3920707631680062,
    0.404134478957791,
    0.4161981947475758,
    0.4282619105373606,
    0.44032562632714545,
    0.4523893421169302,
    0.46445305790671504,
    0.47651677369649986,
    0.48858048948628463,
    0.5006442052760695,
    0.5127079210658543,
    0.524771636855639,
    0.5368353526454239,
    0.5488990684352086,
    0.5609627842249936,
    0.5730265000147783,
    0.585090215804563,
    0.5971539315943479,
    0.6092176473841326,
    0.6212813631739176,
    0.6333450789637023,
    0.6454087947534872,
    0.6574725105432719,
    0.6695362263330566,
    0.6815999421228416,
    0.6936636579126263,
    0.7057273737024112,
    0.7177910894921959,
    0.7298548052819808,
    0.7419185210717656,
    0.7539822368615503,
    0.7660459526513352,
    0.77810966844112,
    0.7901733842309049,
    0.8022371000206896,
    0.8143008158104744,
    0.8263645316002592,
    0.838428247390044,
    0.8504919631798289,
    0.8625556789696136,
    0.8746193947593985,
    0.8866831105491833,
    0.898746826338968,
    0.9108105421287529,
    0.9228742579185376,
    0.9349379737083225,
    0.9470016894981073,
    0.9590654052878922,
    0.9711291210776769,
    0.9831928368674616,
    0.9952565526572466,
    1.0073202684470313,
    1.019383984236816,
    1.031447700026601,
    1.0435114158163858,
    1.0555751316061706,
    1.0676388473959553,
    1.0797025631857402,
    1.091766278975525,
    1.1038299947653099,
    1.1158937105550946,
    1.1279574263448793,
    1.1400211421346642,
    1.152084857924449,
    1.1641485737142339,
    1.1762122895040186,
    1.1882760052938033,
    1.2003397210835882,
    1.2124034368733732,
    1.2244671526631579,
    1.2365308684529426,
    1.2485945842427273,
    1.2606583000325122,
    1.2727220158222972,
    1.2847857316120819,
    1.2968494474018666,
    1.3089131631916515,
    1.3209768789814362,
    1.3330405947712212,
    1.3451043105610059,
    1.3571680263507906,
    1.3692317421405755,
    1.3812954579303605,
    1.3933591737201452,
    1.4054228895099299,
    1.4174866052997146,
    1.4295503210894995,
    1.4416140368792845,
    1.4536777526690692,
    1.465741468458854,
    1.4778051842486386,
    1.4898689000384235,
    1.5019326158282085,
    1.5139963316179932,
    1.526060047407778,
    1.5381237631975628,
    1.5501874789873475,
    1.5622511947771325,
    1.5743149105669172,
    1.586378626356702,
    1.5984423421464868,
    1.6105060579362718,
    1.6225697737260565,
    1.6346334895158412,
    1.646697205305626,
    1.6587609210954108,
    1.6708246368851958,
    1.6828883526749805,
    1.6949520684647652,
    1.70701578425455,
    1.7190795000443349,
    1.7311432158341198,
    1.7432069316239045,
    1.7552706474136892,
    1.7673343632034741,
    1.7793980789932589,
    1.7914617947830438,
    1.8035255105728285
  ],
  "hodkeys": [
    "logM_cut",
    "logM1",
    "sigma",
    "kappa",
    "alpha",
    "Q",
    "gamma",
    "p_max"
  ],
  "mocks": [
    {
      "hod": [
        11.0,
        13.0,
        0.33,
        1,
        0.66,
        100,
        5,
        0.66
      ],
      "nobj": 16795308,
      "fsat": 0.05971554674674617,
      "bias": 4.002125462690481,
      "wp": [
        100.43545702957555,
        90.22262362285166,
        78.082059149624,
        68.9015758071566,
        61.55362017370406,
        54.80182628948008,
        49.14034721005926,
        43.76021549273467,
        39.135149186360294,
        34.909810036168906,
        31.21514314822744,
        27.93071379141389,
        24.989023529297988,
        22.31428888164434,
        19.852495425848304,
        17.638610757827646,
        15.550493478422325,
        13.631486547729487,
        11.834358085065723,
        10.196589480902583,
        8.676289782896273,
        7.29011167831359,
        6.000266503589579,
        4.821747398775649,
        3.7818168601100295,
        2.9021889521038817,
        2.1653592741489405,
        1.5867633818415292,
        1.125104611228411,
        0.7462478182397143
      ],
      "xi0": [
        44.66595794909746,
        39.15091682488843,
        33.807844679257904,
        29.74713976830197,
        26.675101955370863,
        23.943074718733435,
        21.111123103580628,
        18.085930833641797,
        14.738030480776636,
        11.71822003239061,
        9.07866057125282,
        6.901084330332191,
        5.210907239964828,
        3.920634132120628,
        2.9449377232678247,
        2.204318121769362,
        1.6390864050391407,
        1.2114378315140961,
        0.8879955449691331,
        0.6475150598633034,
        0.4685910840758563,
        0.33531162459673536,
        0.2366235165793119,
        0.16335413139097044,
        0.11035094085958284,
        0.07259585894564215,
        0.04589429521159193,
        0.028326788661654605,
        0.016541871957936015,
        0.009060688498806672
      ],