{
  "n_s": 0.9649,
  "omega_b": 0.02237,
  "omega_cdm": 0.12,
  "omega_ncdm": 0.0006442,
  "N_ncdm": 1.0,
  "N_ur": 2.0328,
  "H0": 67.36,
  "w0": -1.0,
  "wa": 0.0,
  "w": -1.0,
  "Omega_DE": 0.684808,
  "Omega_K": 0.0,
  "Omega_M": 0.315192,
  "Omega_Smooth": 0.00142,
  "Redshift": 3.000000000000001,
  "ScaleFactor": 0.2499999999999999,
  "OmegaNow_DE": 0.032833334036531,
  "OmegaNow_K": 0.0,
  "OmegaNow_m": 0.967166665963469,
  "f_growth": 0.979288442560314,
  "fsmooth": 0.004505190487068,
  "Growth": 0.249418949689528,
  "Growth_on_a_n": 0.993940156325808,
  "SimComment": "High-res LCDM, no lightcone",
  "SimName": "AbacusSummit_high_c000_ph100",
  "SimSet": "AbacusSummit",
  "BoxSize": 1000.0,
  "NP": 250047000000,
  "BoxSizeHMpc": 1000.0,
  "HubbleTimeHGyr": 9.7782,
  "ParticleMassHMsun": 348171260.2830668,
  "in_red": false,
  "R": [
    0.11091309729876157,
    0.13644213296402957,
    0.16784722545099995,
    0.20648087566196294,
    0.25400689168125296,
    0.3124720428210451,
    0.3843942063874456,
    0.4728708033212962,
    0.5817121926347302,
    0.7156057694473137,
    0.8803178337158138,
    1.0829419233953779,
    1.332204306820705,
    1.6388397907314871,
    2.0160540286005046,
    2.480092239170107,
    3.0509388277959832,
    3.753178040695723,
    4.617052717289861,
    5.679766737173531,
    6.987087253281098,
    8.595315713486082,
    10.573712555229267,
    13.007479995783413,
    16.00143137587279,
    19.684505081673592,
    24.215317443080846,
    29.788993750983398,
    36.645571580135716,
    45.080338317588115
  ],
  "k": [
    0.005,
    0.015,
    0.025,
    0.035,
    0.045,
    0.055,
    0.065,
    0.07500000000000001,
    0.08499999999999999,
    0.095,
    0.10500000000000001,
    0.11499999999999999,
    0.125,
    0.135,
    0.14500000000000002,
    0.155,
    0.165,
    0.175,
    0.185,
    0.195,
    0.20500000000000002,
    0.215,
    0.225,
    0.235,
    0.245,
    0.255,
    0.265,
    0.275,
    0.28500000000000003,
    0.295,
    0.305,
    0.315,
    0.325,
    0.335,
    0.34500000000000003,
    0.355,
    0.365,
    0.375,
    0.385,
    0.395,
    0.405,
    0.41500000000000004,
    0.425,
    0.435,
    0.445,
    0.455,
    0.465,
    0.475,
    0.485,
    0.495
  ],
  "hodkeys": [
    "logM_cut",
    "logM1",
    "sigma",
    "kappa",
    "alpha",
    "Q",
    "gamma",
    "p_max"
  ],
  "mocks": [
    {
      "hod": [
        11.0,
        13.0,
        0.33,
        1,
        0.66,
        100,
        5,
        0.66
      ],
      "nobj": 16795308,
      "fsat": 0.05971554674674617,
      "bias": 0.0,
      "wp": [
        100.51855013682346,
        90.56354347476604,
        77.7701342179837,
        68.4109687871,
        60.70518735961394,
        54.145243451602276,
        48.40559957416246,
        43.3458587896797,
        38.50426395184557,
        34.26673700510699,
        30.58018220207598,
        27.329396401350785,
        24.31756224566878,
        21.664950845015902,
        19.165224294721995,
        17.009397581246755,
        14.928072158638367,
        13.031764288182627,
        11.221397188332213,
        9.565311689002655,
        8.065636134140483,
        6.6851617353091815,
        5.412019530223631,
        4.246315724929822,
        3.222520466027794,
        2.360272130882121,
        1.6614743545245947,
        1.13153369344493,
        0.7318403973481646,
        0.42375250787571783
      ],
      "xi0": [
        183.7252001202661,
        154.5048074492287,
        99.04257425728835,
        68.26866806125952,
        48.84452499603552,
        35.30563998250014,
        25.91142418144884,
        19.011200091309195,
        13.796041688866918,
        10.006430482094254,
        7.287641966597846,
        5.330962790872748,
        3.935395314685331,
        2.921585841126865,
        2.17758554093862,
        1.6285133852746934,
        1.2187240750724044,
        0.9096133458137545,
        0.6746510607303984,
        0.49697662578396007,
        0.36193023827180254,
        0.2605454348542361,
        0.18409923341805307,
        0.1266906584310159,
        0.0856132807797722,
        0.05592695516784771,
        0.03505857092478015,
        0.021461084695262672,
        0.012476222211899719,
        0.006737810670790894
      ],
      "xi2": [
        1.3481321891422837,
        -2.2814257450315445,
        -0.852503983688595,
        -1.231963815981052,
        0.14226737529845046,
        -0.35197374933868764,
        0.0562465447344529,
        -0.09725874194870254,
        -0.04967672508445764,
        -0.06706030219471804,
        -0.0530178593398789,
        -0.01991472183546894,
        -0.013763942399006857,
        -0.013157978381808794,
        -0.017645972968048512,
        -0.008832065708127557,
        -0.007199437873663672,
        -0.008434907752282658,
        -0.0018398840382520196,
        -0.00355613265303846,
        -0.0026356760936478013,
        -0.001695906213599399,
        -0.0004983214841470379,
        0.0005326399631702498,
        0.0007172119193476437,
        0.0011008575442787109,
        0.0010627844942927571,
        0.0012708434433067613,
        0.0005818619353230385,
        -0.00042630643354745336
      ],
      "xi4": [
        0.6253106982352374,
        -3.884848545567692,
        -3.656641172919616,
        -1.3210877492023654,
        -1.4640518044402122,
        -0.5368133371814967,
        -0.8780023924665874,
        -0.16420408390685326,
        -0.3974969559519286,
        -0.27069440038151393,
        -0.21170689779663687,
        -0.16126386521227604,
        -0.11155985752344663,
        -0.07251263868198957,
        -0.06430588618884055,
        -0.05014454925496585,
        -0.03731106638855246,
        -0.02938797394473957,
        -0.019081750088763567,
        -0.015878390754695666,
        -0.010977940068141307,
        -0.008584078642793742,
        -0.006066194385574864,
        -0.004679193554083404,
        -0.003449892486366561,
        -0.0017804284853362188,
        -0.0003480341996281158,
        -0.0007499113140521053,
        -0.0004399241450548536,
        -8.41652238689295e-05
      ],
      "pk0": [
        3384.8466796875,
        5368.9580078125,
        5097.47607421875,
        4399.8125,
        3368.68310546875,
        2875.1240234375,
        2649.408203125,
        2167.1484375,
        1805.1571044921875,
        1411.24267578125,
        1234.8995361328125,
        1095.207763671875,
        1047.9466552734375,
        927.58349609375,
        878.7119140625,
        723.7132568359375,
        639.7394409179688,
        598.3519287109375,
        549.2992553710938,
        528.1273803710938,
        475.1759338378906,
        437.6142883300781,
        393.28863525390625,
        368.8089294433594,
        345.9150695800781,
        321.1303405761719,
        308.5390625,
        282.916259765625,
        267.2319030761719,
        251.4366912841797,
        237.4167022705078,
        223.20684814453125,
        214.36663818359375,
        201.82485961914062,
        190.40805053710938,
        182.88267517089844,
        175.3754119873047,
        166.0366668701172,
        158.47042846679688,
        152.61083984375,
        146.10487365722656,
        140.47740173339844,
        134.81881713867188,
        128.29925537109375,
        123.57796478271484,
        119.42586517333984,
        115.2209243774414,
        110.3211898803711,
        106.36714172363281,
        102.54071044921875
      ],