{
  "n_s": 0.9649,
  "omega_b": 0.02237,
  "omega_cdm": 0.12,
  "omega_ncdm": 0.0006442,
  "N_ncdm": 1.0,
  "N_ur": 2.0328,
  "H0": 67.36,
  "w0": -1.0,
  "wa": 0.0,
  "w": -1.0,
  "Omega_DE": 0.684808,
  "Omega_K": 0.0,
  "Omega_M": 0.315192,
  "Omega_Smooth": 0.00142,
  "Redshift": 3.000000000000001,
  "ScaleFactor": 0.2499999999999999,
  "OmegaNow_DE": 0.032833334036531,
  "OmegaNow_K": 0.0,
  "OmegaNow_m": 0.967166665963469,
  "f_growth": 0.979288442560314,
  "fsmooth": 0.004505190487068,
  "Growth": 0.249418949689528,
  "Growth_on_a_n": 0.993940156325808,
  "SimComment": "High-res LCDM, no lightcone",
  "SimName": "AbacusSummit_high_c000_ph100",
  "SimSet": "AbacusSummit",
  "BoxSize": 1000.0,
  "NP": 250047000000,
  "BoxSizeHMpc": 1000.0,
  "HubbleTimeHGyr": 9.7782,
  "ParticleMassHMsun": 348171260.2830668,
  "in_red": false,
  "R": [
    0.11091309729876157,
    0.13644213296402957,
    0.16784722545099995,
    0.20648087566196294,
    0.25400689168125296,
    0.3124720428210451,
    0.3843942063874456,
    0.4728708033212962,
    0.5817121926347302,
    0.7156057694473137,
    0.8803178337158138,
    1.0829419233953779,
    1.332204306820705,
    1.6388397907314871,
    2.0160540286005046,
    2.480092239170107,
    3.0509388277959832,
    3.753178040695723,
    4.617052717289861,
    5.679766737173531,
    6.987087253281098,
    8.595315713486082,
    10.573712555229267,
    13.007479995783413,
    16.00143137587279,
    19.684505081673592,
    24.215317443080846,
    29.788993750983398,
    36.645571580135716,
    45.080338317588115
  ],
  "k": [
    0.005,
    0.015,
    0.025,
    0.035,
    0.045,
    0.055,
    0.065,
    0.07500000000000001,
    0.08499999999999999,
    0.095,
    0.10500000000000001,
    0.11499999999999999,
    0.125,
    0.135,
    0.14500000000000002,
    0.155,
    0.165,
    0.175,
    0.185,
    0.195,
    0.20500000000000002,
    0.215,
    0.225,
    0.235,
    0.245,
    0.255,
    0.265,
    0.275,
    0.28500000000000003,
    0.295,
    0.305,
    0.315,
    0.325,
    0.335,
    0.34500000000000003,
    0.355,
    0.365,
    0.375,
    0.385,
    0.395,
    0.405,
    0.41500000000000004,
    0.425,
    0.435,
    0.445,
    0.455,
    0.465,
    0.475,
    0.485,
    0.495
  ],
  "hodkeys": [
    "logM_cut",
    "logM1",
    "sigma",
    "kappa",
    "alpha",
    "Acent",
    "Bcent",
    "Asat",
    "Bsat",
    "alpha_c",
    "alpha_s",
    "s",
    "s_v",
    "s_p",
    "s_r"
  ],
  "mocks": [
    {
      "hod": [
        12.0,
        12.698970004336019,
        0.66,
        1,
        0.5,
        0,
        0,
        0,
        0,
        0,
        1.0,
        1.0,
        1.0,
        1.0,
        1.0
      ],
      "nobj": 5114689,
      "fsat": 0.029727907209998516,
      "bias": 0.0,
      "wp": [
        141.77139189354492,
        130.70234346356506,
        115.73229741261567,
        100.8941522888089,
        85.52360523545653,
        71.42847743327513,
        61.175290351837255,
        52.98080876226511,
        46.743785195011796,
        41.51171684150481,
        36.73207817785778,
        32.60293881115757,
        28.865787238330384,
        25.43533274422185,
        22.52269160474297,
        19.759028669249908,
        17.235053877759604,
        14.954638058716412,
        12.829502484852735,
        10.88947284154988,
        9.128716359009161,
        7.531994870124494,
        6.120411972759451,
        4.799321370453902,
        3.649838885612772,
        2.682024361415532,
        1.8962590380696192,
        1.2971634248893857,
        0.84997764302212,
        0.48681217988011305
      ],
      "xi0": [
        242.15222681072785,
        200.282066210405,
        166.05810154530153,
        128.2225545644015,
        89.72906573615697,
        56.62731035553512,
        36.762990953878194,
        24.792719382903517,
        17.412367977709877,
        12.573591483632315,
        9.065726043150358,
        6.60887234156064,
        4.84722431684978,
        3.561765646064327,
        2.6291717112797297,
        1.9377668664447774,
        1.4380054246540628,
        1.0646881329088123,
        0.7838332680863465,
        0.5721456681410497,
        0.4143620777437022,
        0.2960982125682907,
        0.20856614134311607,
        0.14390590781664817,
        0.0968108732340218,
        0.06330566604146896,
        0.03986906995300756,
        0.02460386595616741,
        0.014318275897929385,
        0.007748732094451917
      ],
      "xi2": [
        -3.9003309924954443,
        -2.6129008198498482,
        2.1002466731952474,
        0.009235239699840747,
        0.085699873569407,
        -0.397012974693447,
        0.1861339847271215,
        0.2638128565934139,
        0.17052172767648033,
        -0.1579356180768915,
        0.052952278950421094,
        0.022668237478220554,
        0.015168253003971233,
        -0.011377700296818505,
        -0.024142018170278945,
        0.0011776691342187118,
        -0.001375477477939882,
        -0.004537576510888347,
        -0.0034208875707335967,
        -0.0007538617273972203,
        -0.0022008640342664754,
        -0.0011103129064427182,
        -0.002095926945143555,
        0.00018276755663278708,
        0.0010255042990562919,
        0.001575979260376864,
        0.0015670140890265585,
        0.0006187022376141456,
        0.00019216096912590976,
        -0.0007562311942991461
      ],
      "xi4": [
        -11.869772152579486,
        -5.682262430754813,
        -8.281227674609859,
        -5.823041902817034,
        -3.2651605443854566,
        -0.8991916564861318,
        -1.1514484319860687,
        -0.7605721308097932,
        -0.123997987520437,
        -0.22481829624796257,
        -0.19205963791598546,
        -0.21724316169706998,
        -0.14545593722262967,
        -0.1197537341885043,
        -0.07021166233296336,
        -0.06506833053187701,
        -0.04394769101725016,
        -0.0262759748968572,
        -0.019413882265538057,
        -0.01506035730074342,
        -0.010917819136953163,
        -0.009447805686387926,
        -0.006599852207415711,
        -0.005574486226764862,
        -0.004702264433727851,
        -0.00243313157767104,
        -0.001115770347012221,
        -0.0011450133572418998,
        -0.0007026510174361603,
        -0.0004987503894530773
      ],
      "pk0": [
        10629.423828125,
        14912.396484375,
        14301.3896484375,
        12447.2705078125,
        9578.451171875,
        8295.630859375,
        7648.36767578125,
        6308.6142578125,
        5273.3330078125,
        4202.31005859375,
        3703.33544921875,
        3310.911376953125,
        3207.31005859375,
        2842.68310546875,
        2737.935791015625,
        2312.6376953125,
        2063.454345703125,
        1948.7421875,
        1838.5440673828125,
        1760.728271484375,
        1618.14404296875,
        1498.0316162109375,
        1383.8731689453125,
        1313.017578125,
        1260.1898193359375,
        1179.7716064453125,
        1157.416015625,
        1072.2896728515625,
        1032.1734619140625,
        980.0652465820312,
        944.4326171875,
        906.3585205078125,
        879.066650390625,
        840.9756469726562,
        801.9922485351562,
        783.1566772460938,
        764.0147705078125,
        736.0814208984375,
        713.2361450195312,
        696.2554321289062,
        680.0206909179688,
        663.2269897460938,
        641.8519287109375,
        625.5770263671875,
        613.1015014648438,
        595.923828125,
        587.3621215820312,
        572.8253173828125,
        559.5724487304688,
        548.4405517578125
      ],