{
  "n_s": 0.9649,
  "omega_b": 0.02237,
  "omega_cdm": 0.12,
  "omega_ncdm": 0.0006442,
  "N_ncdm": 1.0,
  "N_ur": 2.0328,
  "H0": 67.36,
  "w0": -1.0,
  "wa": 0.0,
  "w": -1.0,
  "Omega_DE": 0.684808,
  "Omega_K": 0.0,
  "Omega_M": 0.315192,
  "Omega_Smooth": 0.00142,
  "Redshift": 2.5,
  "ScaleFactor": 0.2857142857142858,
  "OmegaNow_DE": 0.048230449834544,
  "OmegaNow_K": 0.0,
  "OmegaNow_m": 0.951769550165456,
  "f_growth": 0.970743605374269,
  "fsmooth": 0.004505190487068,
  "Growth": 0.284110981296256,
  "Growth_on_a_n": 0.991023134462663,
  "SimComment": "High-res LCDM, no lightcone",
  "SimName": "AbacusSummit_high_c000_ph100",
  "SimSet": "AbacusSummit",
  "BoxSize": 1000.0,
  "NP": 250047000000,
  "BoxSizeHMpc": 1000.0,
  "HubbleTimeHGyr": 9.7782,
  "ParticleMassHMsun": 348171260.2830668,
  "in_red": false,
  "R": [
    0.11091309729876157,
    0.13644213296402957,
    0.16784722545099995,
    0.20648087566196294,
    0.25400689168125296,
    0.3124720428210451,
    0.3843942063874456,
    0.4728708033212962,
    0.5817121926347302,
    0.7156057694473137,
    0.8803178337158138,
    1.0829419233953779,
    1.332204306820705,
    1.6388397907314871,
    2.0160540286005046,
    2.480092239170107,
    3.0509388277959832,
    3.753178040695723,
    4.617052717289861,
    5.679766737173531,
    6.987087253281098,
    8.595315713486082,
    10.573712555229267,
    13.007479995783413,
    16.00143137587279,
    19.684505081673592,
    24.215317443080846,
    29.788993750983398,
    36.645571580135716,
    45.080338317588115
  ],
  "k": [
    0.005,
    0.015,
    0.025,
    0.035,
    0.045,
    0.055,
    0.065,
    0.07500000000000001,
    0.08499999999999999,
    0.095,
    0.10500000000000001,
    0.11499999999999999,
    0.125,
    0.135,
    0.14500000000000002,
    0.155,
    0.165,
    0.175,
    0.185,
    0.195,
    0.20500000000000002,
    0.215,
    0.225,
    0.235,
    0.245,
    0.255,
    0.265,
    0.275,
    0.28500000000000003,
    0.295,
    0.305,
    0.315,
    0.325,
    0.335,
    0.34500000000000003,
    0.355,
    0.365,
    0.375,
    0.385,
    0.395,
    0.405,
    0.41500000000000004,
    0.425,
    0.435,
    0.445,
    0.455,
    0.465,
    0.475,
    0.485,
    0.495
  ],
  "hodkeys": [
    "logM_cut",
    "logM1",
    "sigma",
    "kappa",
    "alpha",
    "Acent",
    "Bcent",
    "Asat",
    "Bsat",
    "alpha_c",
    "alpha_s",
    "s",
    "s_v",
    "s_p",
    "s_r"
  ],
  "mocks": [
    {
      "hod": [
        11.25,
        11.948970004336019,
        0.66,
        1,
        0.66,
        0,
        0,
        0,
        0,
        0,
        1.0,
        1.0,
        1.0,
        1.0,
        1.0
      ],
      "nobj": 38341329,
      "fsat": 0.09797683330173557,
      "bias": 0.0,
      "wp": [
        78.98736215724708,
        68.48923284215266,
        59.13975251544364,
        50.82822324484509,
        44.48024824102471,
        39.90154462466599,
        35.293405811189736,
        31.75627794499531,
        28.51312365724218,
        25.477906179716186,
        23.062192227287333,
        20.746681437360436,
        18.515896331648058,
        16.594133575196288,
        14.845063630746015,
        13.14832694432873,
        11.596073191686205,
        10.10420471259332,
        8.7397720506724,
        7.472898279133835,
        6.302899676283753,
        5.19852777530625,
        4.2136069242492855,
        3.3107684153234747,
        2.5265160222293797,
        1.8623599494145742,
        1.3154544627435758,
        0.9040224865577193,
        0.5865158073170362,
        0.34023476286296495
      ],
      "xi0": [
        166.7459253476926,
        122.70892910719,
        82.06235788183042,
        54.36551786927524,
        36.82371773053217,
        25.643596692088355,
        18.291024426064546,
        13.15310251081111,
        9.629601736536275,
        7.0357801617194005,
        5.231950203146904,
        3.895960676388375,
        2.8985404232735568,
        2.1845427585945356,
        1.6380055286845276,
        1.2405339095618344,
        0.9317819333909579,
        0.6993470944560505,
        0.5210836810446472,
        0.3844781891457748,
        0.28132220966692933,
        0.2027463227840089,
        0.14311825517990057,
        0.09903396300096662,
        0.0668815433684468,
        0.043865302096640676,
        0.02757106340813459,
        0.016985917510318173,
        0.00989842964652975,
        0.005433661636625852
      ],
      "xi2": [
        1.5880780414996476,
        -1.656061208705113,
        -0.29256198363410757,
        -0.7070266680363257,
        -0.1668817853473259,
        -0.2272112684956329,
        0.010799175421076779,
        0.07807048216716961,
        -0.0033746981742432958,
        0.0046049649123597325,
        -0.015889675710114015,
        -0.03254624415017615,
        -0.003010469671020921,
        -0.0038638298116974723,
        -0.006624214253156402,
        -0.005452681264712933,
        -0.0006572044073067246,
        -0.0004400536597306409,
        -0.0013656824598733477,
        -0.002036255350571052,
        -0.0010945666235626789,
        -0.0008006318860855413,
        -0.0002937638519428208,
        0.0009118350719272868,
        0.0008531043636173441,
        0.0009587730830424982,
        0.0012118144910667366,
        0.0008298674754504947,
        0.0003514996863039876,
        -0.0003846417209940915
      ],
      "xi4": [
        -6.1257111838392255,
        -6.151209745626548,
        -4.51829666598731,
        -1.1741464834928967,
        -0.09987681679961158,
        -0.5774494504020968,
        -0.9083105395266686,
        -0.317003255896282,
        -0.2635248976077861,
        -0.16355794539574414,
        -0.17260739569502503,
        -0.09363170526676742,
        -0.08844827057678203,
        -0.06702181699353692,
        -0.04273856583932051,
        -0.038339976452516536,
        -0.026016860542169146,
        -0.019711320344625298,
        -0.01344800502634104,
        -0.01120356097853301,
        -0.00834811567524703,
        -0.006005016437012451,
        -0.004943680192675063,
        -0.0033178868962874227,
        -0.002427130253592194,
        -0.001243432925234426,
        -0.00030843965508517163,
        -0.0006570662651282912,
        -0.00044961246787604667,
        -0.00046501309731736485
      ],
      "pk0": [
        1768.164306640625,
        2842.74365234375,
        2702.906982421875,
        2343.62353515625,
        1799.0531005859375,
        1534.3126220703125,
        1410.178955078125,
        1144.76513671875,
        956.127197265625,
        745.4807739257812,
        650.3948974609375,
        577.0778198242188,
        551.21240234375,
        488.6206359863281,
        459.4485168457031,
        379.9169006347656,
        336.2766418457031,
        313.4643249511719,
        288.30010986328125,
        276.76287841796875,
        247.99632263183594,
        227.4812774658203,
        205.38551330566406,
        191.87353515625,
        180.35032653808594,
        167.4200439453125,
        161.04144287109375,
        147.33802795410156,
        138.98045349121094,
        130.31494140625,
        122.96694946289062,
        115.78404235839844,
        111.1954345703125,
        104.39031982421875,
        98.70795440673828,
        94.954833984375,
        90.96532440185547,
        86.19304656982422,
        82.18358612060547,
        78.88026428222656,
        75.6613998413086,
        72.69537353515625,
        69.70812225341797,
        66.3219985961914,
        63.970211029052734,
        61.796775817871094,
        59.703216552734375,
        57.02943801879883,
        54.96894073486328,
        53.07426834106445
      ],