{
  "n_s": 0.9649,
  "omega_b": 0.02237,
  "omega_cdm": 0.12,
  "omega_ncdm": 0.0006442,
  "N_ncdm": 1.0,
  "N_ur": 2.0328,
  "H0": 67.36,
  "w0": -1.0,
  "wa": 0.0,
  "w": -1.0,
  "Omega_DE": 0.684808,
  "Omega_K": 0.0,
  "Omega_M": 0.315192,
  "Omega_Smooth": 0.00142,
  "Redshift": 2.5,
  "ScaleFactor": 0.2857142857142858,
  "OmegaNow_DE": 0.048230449834544,
  "OmegaNow_K": 0.0,
  "OmegaNow_m": 0.951769550165456,
  "f_growth": 0.970743605374269,
  "fsmooth": 0.004505190487068,
  "Growth": 0.284110981296256,
  "Growth_on_a_n": 0.991023134462663,
  "SimComment": "High-res LCDM, no lightcone",
  "SimName": "AbacusSummit_high_c000_ph100",
  "SimSet": "AbacusSummit",
  "BoxSize": 1000.0,
  "NP": 250047000000,
  "BoxSizeHMpc": 1000.0,
  "HubbleTimeHGyr": 9.7782,
  "ParticleMassHMsun": 348171260.2830668,
  "in_red": false,
  "R": [
    0.11091309729876157,
    0.13644213296402957,
    0.16784722545099995,
    0.20648087566196294,
    0.25400689168125296,
    0.3124720428210451,
    0.3843942063874456,
    0.4728708033212962,
    0.5817121926347302,
    0.7156057694473137,
    0.8803178337158138,
    1.0829419233953779,
    1.332204306820705,
    1.6388397907314871,
    2.0160540286005046,
    2.480092239170107,
    3.0509388277959832,
    3.753178040695723,
    4.617052717289861,
    5.679766737173531,
    6.987087253281098,
    8.595315713486082,
    10.573712555229267,
    13.007479995783413,
    16.00143137587279,
    19.684505081673592,
    24.215317443080846,
    29.788993750983398,
    36.645571580135716,
    45.080338317588115
  ],
  "k": [
    0.005,
    0.015,
    0.025,
    0.035,
    0.045,
    0.055,
    0.065,
    0.07500000000000001,
    0.08499999999999999,
    0.095,
    0.10500000000000001,
    0.11499999999999999,
    0.125,
    0.135,
    0.14500000000000002,
    0.155,
    0.165,
    0.175,
    0.185,
    0.195,
    0.20500000000000002,
    0.215,
    0.225,
    0.235,
    0.245,
    0.255,
    0.265,
    0.275,
    0.28500000000000003,
    0.295,
    0.305,
    0.315,
    0.325,
    0.335,
    0.34500000000000003,
    0.355,
    0.365,
    0.375,
    0.385,
    0.395,
    0.405,
    0.41500000000000004,
    0.425,
    0.435,
    0.445,
    0.455,
    0.465,
    0.475,
    0.485,
    0.495
  ],
  "hodkeys": [
    "logM_cut",
    "logM1",
    "sigma",
    "kappa",
    "alpha",
    "Acent",
    "Bcent",
    "Asat",
    "Bsat",
    "alpha_c",
    "alpha_s",
    "s",
    "s_v",
    "s_p",
    "s_r"
  ],
  "mocks": [
    {
      "hod": [
        11.25,
        11.948970004336019,
        0.66,
        1,
        0.33,
        0,
        0,
        0,
        0,
        0,
        1.0,
        1.0,
        1.0,
        1.0,
        1.0
      ],
      "nobj": 39387780,
      "fsat": 0.121941703746695,
      "bias": 0.0,
      "wp": [
        80.83540528410842,
        67.71044013225544,
        56.65021697150562,
        48.77452121701575,
        43.026902628791476,
        38.61569991868339,
        34.4528287009182,
        31.305361219316712,
        28.00252480333973,
        25.187236994574835,
        22.64146746004794,
        20.342963317625244,
        18.28115883162642,
        16.372645042550573,
        14.596979875140145,
        12.942446868475411,
        11.413793220017773,
        9.99035429000016,
        8.65870435405572,
        7.406201739192124,
        6.246541531467086,
        5.162877699030249,
        4.1921204317849385,
        3.3063126410621493,
        2.5203790929821133,
        1.85324931080189,
        1.3013670797891037,
        0.8857140489461299,
        0.5807519156987992,
        0.32761219962396293
      ],
      "xi0": [
        193.5499475348699,
        130.62083112756625,
        78.77503915603555,
        49.996450224091234,
        33.93850138834677,
        24.16883417774832,
        17.50753611267715,
        12.789801149897485,
        9.412961118478444,
        6.973413721043413,
        5.1495820603441365,
        3.834392236334543,
        2.872855641855515,
        2.15281298167762,
        1.6215546439286939,
        1.224636294632429,
        0.922499446985972,
        0.691748804900751,
        0.516289362660605,
        0.3821553105492292,
        0.2793524564955716,
        0.2015569921846215,
        0.14273401389738447,
        0.09876609782368198,
        0.06661208183700668,
        0.04363830926285012,
        0.02739393333311849,
        0.01679350983416864,
        0.009839129923040944,
        0.005259534196989919
      ],
      "xi2": [
        1.8641096892327713,
        1.9573537429360233,
        0.018263637517095255,
        -0.5658381909652799,
        -0.37049642819855455,
        -0.26256066606862527,
        0.015115308074441502,
        0.016835013901282947,
        -0.07074729728788753,
        -0.002342770544752626,
        -0.015943274882596337,
        0.00925711644016336,
        -0.01736947415221332,
        -0.0030418049329394847,
        -0.008238539474937911,
        -0.007717932204897304,
        -0.002654832984705646,
        -0.003349509761257259,
        -0.004164642577027082,
        -0.003088849219741851,
        -0.0018316370371255358,
        -0.0020362585962403063,
        -0.0006786638053476752,
        0.00036646184023838256,
        0.0005445212022735365,
        0.0009561248431934756,
        0.0012216898281998032,
        0.0006657325609805064,
        0.0001733153462600567,
        -0.00031852505187315557
      ],
      "xi4": [
        -4.721979677046903,
        -1.2783700547656096,
        -1.6973214830482366,
        -1.2815555552684756,
        -0.16964649893268025,
        -0.664907665438931,
        -0.509985741136263,
        -0.2392072626022299,
        -0.22540983595897712,
        -0.16067440468477484,
        -0.1330741396131757,
        -0.08750409026837919,
        -0.0664528881314222,
        -0.0698379510203868,
        -0.0447281602814103,
        -0.036836196742313254,
        -0.024717428718887546,
        -0.017885923174148388,
        -0.014041317647711837,
        -0.012007142286356708,
        -0.010366522887788613,
        -0.006992886242910548,
        -0.005534175424510589,
        -0.0036078477121709585,
        -0.002350980511722695,
        -0.0012647153005116846,
        -0.0004805236359797687,
        -0.0008366932945683035,
        -0.00044321905621853635,
        -0.0002207330249949031
      ],
      "pk0": [
        6185.06298828125,
        10149.6181640625,
        9651.279296875,
        8507.455078125,
        6598.5546875,
        5567.212890625,
        5116.2373046875,
        4184.4873046875,
        3557.06884765625,
        2819.944091796875,
        2471.856689453125,
        2207.77978515625,
        2100.36572265625,
        1871.908935546875,
        1777.4632568359375,
        1494.7835693359375,
        1335.00048828125,
        1261.725341796875,
        1167.691650390625,
        1126.4422607421875,
        1017.1243286132812,
        950.9274291992188,
        865.7718505859375,
        819.1868286132812,
        778.8524169921875,
        734.5789794921875,
        703.236083984375,
        654.296875,
        626.2822875976562,
        599.3547973632812,
        570.450439453125,
        538.3926391601562,
        522.9646606445312,
        499.7919616699219,
        480.4858093261719,
        466.03582763671875,
        452.2099609375,
        433.1656799316406,
        419.1487731933594,
        404.76025390625,
        395.6045837402344,
        384.6965637207031,
        372.0084533691406,
        360.3284606933594,
        349.1284484863281,
        343.1305236816406,
        335.07012939453125,
        323.2760009765625,
        317.06414794921875,
        309.7066345214844
      ],