{
  "n_s": 0.9649,
  "omega_b": 0.02237,
  "omega_cdm": 0.12,
  "omega_ncdm": 0.0006442,
  "N_ncdm": 1.0,
  "N_ur": 2.0328,
  "H0": 67.36,
  "w0": -1.0,
  "wa": 0.0,
  "w": -1.0,
  "Omega_DE": 0.684808,
  "Omega_K": 0.0,
  "Omega_M": 0.315192,
  "Omega_Smooth": 0.00142,
  "Redshift": 2.5,
  "ScaleFactor": 0.2857142857142858,
  "OmegaNow_DE": 0.048230449834544,
  "OmegaNow_K": 0.0,
  "OmegaNow_m": 0.951769550165456,
  "f_growth": 0.970743605374269,
  "fsmooth": 0.004505190487068,
  "Growth": 0.284110981296256,
  "Growth_on_a_n": 0.991023134462663,
  "SimComment": "High-res LCDM, no lightcone",
  "SimName": "AbacusSummit_high_c000_ph100",
  "SimSet": "AbacusSummit",
  "BoxSize": 1000.0,
  "NP": 250047000000,
  "BoxSizeHMpc": 1000.0,
  "HubbleTimeHGyr": 9.7782,
  "ParticleMassHMsun": 348171260.2830668,
  "in_red": true,
  "R": [
    0.11091309729876157,
    0.13644213296402957,
    0.16784722545099995,
    0.20648087566196294,
    0.25400689168125296,
    0.3124720428210451,
    0.3843942063874456,
    0.4728708033212962,
    0.5817121926347302,
    0.7156057694473137,
    0.8803178337158138,
    1.0829419233953779,
    1.332204306820705,
    1.6388397907314871,
    2.0160540286005046,
    2.480092239170107,
    3.0509388277959832,
    3.753178040695723,
    4.617052717289861,
    5.679766737173531,
    6.987087253281098,
    8.595315713486082,
    10.573712555229267,
    13.007479995783413,
    16.00143137587279,
    19.684505081673592,
    24.215317443080846,
    29.788993750983398,
    36.645571580135716,
    45.080338317588115
  ],
  "k": [
    0.005,
    0.015,
    0.025,
    0.035,
    0.045,
    0.055,
    0.065,
    0.07500000000000001,
    0.08499999999999999,
    0.095,
    0.10500000000000001,
    0.11499999999999999,
    0.125,
    0.135,
    0.14500000000000002,
    0.155,
    0.165,
    0.175,
    0.185,
    0.195,
    0.20500000000000002,
    0.215,
    0.225,
    0.235,
    0.245,
    0.255,
    0.265,
    0.275,
    0.28500000000000003,
    0.295,
    0.305,
    0.315,
    0.325,
    0.335,
    0.34500000000000003,
    0.355,
    0.365,
    0.375,
    0.385,
    0.395,
    0.405,
    0.41500000000000004,
    0.425,
    0.435,
    0.445,
    0.455,
    0.465,
    0.475,
    0.485,
    0.495
  ],
  "hodkeys": [
    "logM_cut",
    "logM1",
    "sigma",
    "kappa",
    "alpha",
    "Acent",
    "Bcent",
    "Asat",
    "Bsat",
    "alpha_c",
    "alpha_s",
    "s",
    "s_v",
    "s_p",
    "s_r"
  ],
  "mocks": [
    {
      "hod": [
        11.25,
        11.948970004336019,
        0.66,
        1,
        0.33,
        0,
        0,
        0,
        0,
        0,
        1.0,
        1.0,
        1.0,
        1.0,
        1.0
      ],
      "nobj": 39387780,
      "fsat": 0.121941703746695,
      "bias": 0.0,
      "wp": [
        81.28931688489564,
        68.22018087237745,
        56.88307759755653,
        49.42436975707613,
        43.71926920617605,
        39.287439476045776,
        35.28143322285071,
        32.038621796911286,
        28.724934158919606,
        25.717902587777285,
        23.326472455593784,
        21.0235578678693,
        18.912492330439584,
        17.060025059664707,
        15.222995496346194,
        13.636782709690701,
        12.097476854993817,
        10.62643096748514,
        9.271346767827353,
        8.03765877074232,
        6.859166492442418,
        5.776819522228279,
        4.803582965412593,
        3.8932338861151106,
        3.090042895388044,
        2.388819556090899,
        1.79682005138472,
        1.3268753737694845,
        0.9517048540064423,
        0.6491545082065178
      ],
      "xi0": [
        32.9294576534794,
        27.58695271600774,
        23.170426642918773,
        19.68732836868965,
        17.186179220522764,
        14.58830653173796,
        12.648264585362293,
        10.580309645884917,
        8.867279782427012,
        7.256504363455142,
        5.8612527885220445,
        4.69550133118578,
        3.7104665569517237,
        2.915221699414094,
        2.2586417972598034,
        1.7321684775620376,
        1.314714640077567,
        0.9858436471604988,
        0.7302520064754774,
        0.5352817718066984,
        0.3883896397489229,
        0.27842169754734053,
        0.1964772909054925,
        0.13621583883917182,
        0.09214844451676973,
        0.06078159735155474,
        0.03849970300319513,
        0.023616570763770547,
        0.01382836599626776,
        0.007489851863452626
      ],
      "xi2": [
        28.01778899237188,
        23.77250199080259,
        19.176216680414075,
        17.030303504874674,
        13.146119283647016,
        10.0661276133097,
        8.129413067558579,
        6.151888039037335,
        4.6031043919738,
        3.3627138535775947,
        2.3148897814920106,
        1.4501214793010007,
        0.8031679466813524,
        0.3529973424192562,
        0.04583733284561173,
        -0.1505711235732067,
        -0.2546470640063734,
        -0.2860388202393172,
        -0.2794842456629735,
        -0.24645187002675997,
        -0.20362740221403733,
        -0.16027700286469948,
        -0.1214550403794637,
        -0.09011372847628413,
        -0.06574827087037584,
        -0.047468027667151774,
        -0.03339917809065376,
        -0.024051000177129703,
        -0.017304546095510822,
        -0.012703779945937533
      ],
      "xi4": [
        20.51968873149663,
        16.55844681450703,
        14.23087290748056,
        12.156889833964996,
        10.18511034404923,
        7.958904587661911,
        6.5644628635445486,
        5.170361004409267,
        3.772907645666329,
        2.8082464825907447,
        2.0137731156037697,
        1.3345871780903602,
        0.8606005983456423,
        0.5239961693225148,
        0.29535655495588176,
        0.1597052446124319,
        0.0783599180936054,
        0.04233389882748427,
        0.0250628630646042,
        0.018499974274419004,
        0.01681381932432538,
        0.013530430807306218,
        0.011054785366837839,
        0.008102464840597828,
        0.006752291400546123,
        0.004974454718200741,
        0.0037284499762300733,
        0.001602269568838702,
        0.0012289802465713477,
        0.0013415925335130894
      ],
      "pk0": [
        8260.427734375,
        14391.57421875,
        13642.130859375,
        11772.0830078125,
        9082.126953125,
        7811.4716796875,
        7035.1611328125,
        5809.5927734375,
        4826.5244140625,
        3822.20654296875,
        3342.879150390625,
        2979.361083984375,
        2846.628662109375,
        2574.37646484375,
        2408.15234375,
        2018.2266845703125,
        1798.3148193359375,
        1683.2432861328125,
        1542.3154296875,
        1489.706787109375,
        1355.930908203125,
        1260.905029296875,
        1160.73193359375,
        1075.7755126953125,
        1037.6334228515625,
        962.6480712890625,
        920.698486328125,
        862.4092407226562,
        815.378662109375,
        780.2229614257812,
        739.7445678710938,
        696.13134765625,
        680.8545532226562,
        643.5894165039062,
        615.1708374023438,
        592.7813720703125,
        576.6738891601562,
        550.4200439453125,
        529.182373046875,
        507.25390625,
        490.6872863769531,
        477.9128112792969,
        460.7228698730469,
        445.5884704589844,
        431.707763671875,
        419.6548767089844,
        408.559326171875,
        394.7638854980469,
        384.5025939941406,
        369.313232421875
      ],