{
  "n_s": 0.9649,
  "omega_b": 0.02237,
  "omega_cdm": 0.12,
  "omega_ncdm": 0.0006442,
  "N_ncdm": 1.0,
  "N_ur": 2.0328,
  "H0": 67.36,
  "w0": -1.0,
  "wa": 0.0,
  "w": -1.0,
  "Omega_DE": 0.684808,
  "Omega_K": 0.0,
  "Omega_M": 0.315192,
  "Omega_Smooth": 0.00142,
  "Redshift": 3.000000000000001,
  "ScaleFactor": 0.2499999999999999,
  "OmegaNow_DE": 0.032833334036531,
  "OmegaNow_K": 0.0,
  "OmegaNow_m": 0.967166665963469,
  "f_growth": 0.979288442560314,
  "fsmooth": 0.004505190487068,
  "Growth": 0.249418949689528,
  "Growth_on_a_n": 0.993940156325808,
  "SimComment": "High-res LCDM, no lightcone",
  "SimName": "AbacusSummit_high_c000_ph100",
  "SimSet": "AbacusSummit",
  "BoxSize": 1000.0,
  "NP": 250047000000,
  "BoxSizeHMpc": 1000.0,
  "HubbleTimeHGyr": 9.7782,
  "ParticleMassHMsun": 348171260.2830668,
  "in_red": false,
  "R": [
    0.11091309729876157,
    0.13644213296402957,
    0.16784722545099995,
    0.20648087566196294,
    0.25400689168125296,
    0.3124720428210451,
    0.3843942063874456,
    0.4728708033212962,
    0.5817121926347302,
    0.7156057694473137,
    0.8803178337158138,
    1.0829419233953779,
    1.332204306820705,
    1.6388397907314871,
    2.0160540286005046,
    2.480092239170107,
    3.0509388277959832,
    3.753178040695723,
    4.617052717289861,
    5.679766737173531,
    6.987087253281098,
    8.595315713486082,
    10.573712555229267,
    13.007479995783413,
    16.00143137587279,
    19.684505081673592,
    24.215317443080846,
    29.788993750983398,
    36.645571580135716,
    45.080338317588115
  ],
  "k": [
    0.005,
    0.015,
    0.025,
    0.035,
    0.045,
    0.055,
    0.065,
    0.07500000000000001,
    0.08499999999999999,
    0.095,
    0.10500000000000001,
    0.11499999999999999,
    0.125,
    0.135,
    0.14500000000000002,
    0.155,
    0.165,
    0.175,
    0.185,
    0.195,
    0.20500000000000002,
    0.215,
    0.225,
    0.235,
    0.245,
    0.255,
    0.265,
    0.275,
    0.28500000000000003,
    0.295,
    0.305,
    0.315,
    0.325,
    0.335,
    0.34500000000000003,
    0.355,
    0.365,
    0.375,
    0.385,
    0.395,
    0.405,
    0.41500000000000004,
    0.425,
    0.435,
    0.445,
    0.455,
    0.465,
    0.475,
    0.485,
    0.495
  ],
  "hodkeys": [
    "logM_cut",
    "logM1",
    "sigma",
    "kappa",
    "alpha",
    "Q",
    "gamma",
    "p_max"
  ],
  "mocks": [
    {
      "hod": [
        11.0,
        13.0,
        0.33,
        1,
        0.66,
        100,
        5,
        0.66
      ],
      "nobj": 16795308,
      "fsat": 0.05971554674674617,
      "bias": 0.0,
      "wp": [
        100.36476587863326,
        89.81286418545457,
        77.8746507315368,
        68.54194046422668,
        60.74822380670547,
        54.149462332283534,
        48.565848074852696,
        43.27217111648698,
        38.53063912959095,
        34.36731678517949,
        30.52710637313528,
        27.368020275419916,
        24.348216847351303,
        21.691728491127535,
        19.28341863851568,
        17.09525879469122,
        14.952765901867734,
        13.07748511875046,
        11.252311506395781,
        9.592230268563895,
        8.08077786205127,
        6.698778105433579,
        5.418021524019812,
        4.256845419780216,
        3.236044340925085,
        2.3892484937178393,
        1.6790162824434076,
        1.1430687801869595,
        0.7360362982785129,
        0.42219376769986994
      ],
      "xi0": [
        183.2431059154886,
        152.37656180242053,
        98.80593847352489,
        68.28240979970344,
        48.72134615656623,
        35.282345373117714,
        25.964404404653727,
        19.021353741586537,
        13.79162461604043,
        10.011031401360915,
        7.291764702888157,
        5.331814089200853,
        3.937003798814192,
        2.9287985350680064,
        2.1807780398785077,
        1.6307184436839086,
        1.2208872119865442,
        0.9101243174328709,
        0.6751006033971758,
        0.497442412081361,
        0.36273927023616553,
        0.26089330031397834,
        0.18444046855288337,
        0.12692263962871803,
        0.0857119936175951,
        0.056190694752236814,
        0.035344898549335056,
        0.021667703153697856,
        0.01259214034193185,
        0.006789692441889175
      ],
      "xi2": [
        -2.766206622113483,
        -1.327279089861424,
        -0.054082850985537334,
        -0.9570225770214602,
        0.00953328250742791,
        -0.26995159464333396,
        -0.09381577348856363,
        -0.10345408190302052,
        -0.1119579677657001,
        -0.11236261697763539,
        0.010227976356009805,
        -0.03530034751330069,
        -0.015593796921126446,
        -0.015057608423199864,
        -0.017113654691293806,
        -0.006951295322334683,
        -0.00470207636637493,
        -0.004077990583784552,
        -0.001311709877593846,
        -0.0019250529480438136,
        -0.0016534588067062747,
        -0.0011411007100071632,
        -0.00032130858739483174,
        0.0005929601365871513,
        0.0009289786578549038,
        0.001049171400978521,
        0.0013280158742517544,
        0.0012176641184544288,
        0.0006240932194688628,
        -0.0004047433015321784
      ],
      "xi4": [
        -3.2225078198611747,
        -2.6543461355884244,
        -3.765493572158733,
        -1.3410464017927364,
        -0.5297225943628976,
        -0.8289876833414582,
        -0.4565968230696029,
        -0.20249625523464987,
        -0.2854782972235339,
        -0.2465302545981899,
        -0.21305742396641747,
        -0.1571014078868606,
        -0.10817536506848768,
        -0.0874652674693931,
        -0.06859257025528843,
        -0.048542646598176115,
        -0.0379441258047466,
        -0.029616402266669263,
        -0.020805962647021316,
        -0.015427527719076121,
        -0.011446274830463607,
        -0.008280559796478881,
        -0.0060272194333034716,
        -0.004478439610725051,
        -0.003121059294033875,
        -0.0015176320492724543,
        -0.0006757710734284351,
        -0.0009568497249551561,
        -0.0005394245359673722,
        -0.00021653869872977814
      ],
      "pk0": [
        8246.89453125,
        13309.3349609375,
        12519.4326171875,
        10896.28125,
        8382.478515625,
        7151.705078125,
        6630.69091796875,
        5460.32568359375,
        4554.1162109375,
        3614.04931640625,
        3161.4599609375,
        2828.05712890625,
        2721.29443359375,
        2426.050537109375,
        2300.060546875,
        1916.837890625,
        1710.9566650390625,
        1620.92724609375,
        1492.766357421875,
        1437.0523681640625,
        1311.5770263671875,
        1218.73974609375,
        1113.1729736328125,
        1057.489501953125,
        997.3408813476562,
        932.9406127929688,
        897.400390625,
        841.236328125,
        801.161376953125,
        765.877685546875,
        729.8365478515625,
        689.6055297851562,
        666.4158325195312,
        638.0642700195312,
        609.1239013671875,
        588.8567504882812,
        569.68408203125,
        546.7720947265625,
        526.9522705078125,
        512.946533203125,
        496.2589111328125,
        483.26483154296875,
        467.6647033691406,
        451.48553466796875,
        438.926513671875,
        428.321533203125,
        416.22100830078125,
        404.513427734375,
        392.9273986816406,
        385.56439208984375
      ],