{
  "n_s": 0.9649,
  "omega_b": 0.02237,
  "omega_cdm": 0.12,
  "omega_ncdm": 0.0006442,
  "N_ncdm": 1.0,
  "N_ur": 2.0328,
  "H0": 67.36,
  "w0": -1.0,
  "wa": 0.0,
  "w": -1.0,
  "Omega_DE": 0.684808,
  "Omega_K": 0.0,
  "Omega_M": 0.315192,
  "Omega_Smooth": 0.00142,
  "Redshift": 3.000000000000001,
  "ScaleFactor": 0.2499999999999999,
  "OmegaNow_DE": 0.032833334036531,
  "OmegaNow_K": 0.0,
  "OmegaNow_m": 0.967166665963469,
  "f_growth": 0.979288442560314,
  "fsmooth": 0.004505190487068,
  "Growth": 0.249418949689528,
  "Growth_on_a_n": 0.993940156325808,
  "SimComment": "High-res LCDM, no lightcone",
  "SimName": "AbacusSummit_high_c000_ph100",
  "SimSet": "AbacusSummit",
  "BoxSize": 1000.0,
  "NP": 250047000000,
  "BoxSizeHMpc": 1000.0,
  "HubbleTimeHGyr": 9.7782,
  "ParticleMassHMsun": 348171260.2830668,
  "in_red": true,
  "R": [
    0.11091309729876157,
    0.13644213296402957,
    0.16784722545099995,
    0.20648087566196294,
    0.25400689168125296,
    0.3124720428210451,
    0.3843942063874456,
    0.4728708033212962,
    0.5817121926347302,
    0.7156057694473137,
    0.8803178337158138,
    1.0829419233953779,
    1.332204306820705,
    1.6388397907314871,
    2.0160540286005046,
    2.480092239170107,
    3.0509388277959832,
    3.753178040695723,
    4.617052717289861,
    5.679766737173531,
    6.987087253281098,
    8.595315713486082,
    10.573712555229267,
    13.007479995783413,
    16.00143137587279,
    19.684505081673592,
    24.215317443080846,
    29.788993750983398,
    36.645571580135716,
    45.080338317588115
  ],
  "k": [
    0.005,
    0.015,
    0.025,
    0.035,
    0.045,
    0.055,
    0.065,
    0.07500000000000001,
    0.08499999999999999,
    0.095,
    0.10500000000000001,
    0.11499999999999999,
    0.125,
    0.135,
    0.14500000000000002,
    0.155,
    0.165,
    0.175,
    0.185,
    0.195,
    0.20500000000000002,
    0.215,
    0.225,
    0.235,
    0.245,
    0.255,
    0.265,
    0.275,
    0.28500000000000003,
    0.295,
    0.305,
    0.315,
    0.325,
    0.335,
    0.34500000000000003,
    0.355,
    0.365,
    0.375,
    0.385,
    0.395,
    0.405,
    0.41500000000000004,
    0.425,
    0.435,
    0.445,
    0.455,
    0.465,
    0.475,
    0.485,
    0.495
  ],
  "hodkeys": [
    "logM_cut",
    "logM1",
    "sigma",
    "kappa",
    "alpha",
    "Acent",
    "Bcent",
    "Asat",
    "Bsat",
    "alpha_c",
    "alpha_s",
    "s",
    "s_v",
    "s_p",
    "s_r"
  ],
  "mocks": [
    {
      "hod": [
        12.0,
        12.698970004336019,
        0.66,
        1,
        0.5,
        0,
        0,
        0,
        0,
        0,
        1.0,
        1.0,
        1.0,
        1.0,
        1.0
      ],
      "nobj": 5114689,
      "fsat": 0.029727907209998516,
      "bias": 0.0,
      "wp": [
        142.4303632938587,
        131.51998141481621,
        116.50237067184663,
        101.51381599342162,
        86.1671912274546,
        72.19601235788159,
        61.89719107977176,
        53.67509843444109,
        47.40748944128609,
        42.20585113050062,
        37.39229496523584,
        33.254832425913946,
        29.506470944816925,
        26.104174339450694,
        23.170191967944955,
        20.41901446166359,
        17.88908905616268,
        15.603706418060963,
        13.477725325047668,
        11.547369371350243,
        9.777020363356336,
        8.173861218060264,
        6.752492673057848,
        5.417377162985185,
        4.243168724926594,
        3.2444658972843463,
        2.418266431138212,
        1.7646516159310686,
        1.2537603411879816,
        0.8173143103776814
      ],
      "xi0": [
        33.16713492862654,
        32.25876085545585,
        30.635485808307926,
        28.052093123485488,
        26.299666406121055,
        23.362749950251548,
        20.521933142810845,
        17.99241560359111,
        15.392064132750486,
        12.863273953748704,
        10.426395534153624,
        8.218560087606932,
        6.326550322667455,
        4.803457642352627,
        3.5815452227032183,
        2.6377371487207886,
        1.9363748528315345,
        1.4137960150645879,
        1.0258946758831762,
        0.7395224970243344,
        0.5294460136504583,
        0.3760827647547728,
        0.264505909182753,
        0.18212524468367905,
        0.12301738683243317,
        0.08079179627355954,
        0.05116123948445758,
        0.031631844814760675,
        0.01850928186150049,
        0.01009432648053523
      ],
      "xi2": [
        10.841754958216432,
        9.281121737289727,
        5.043235713657186,
        6.242076055913117,
        7.7216191417647675,
        8.624657788613714,
        8.949771468466295,
        8.182475922508186,
        6.633307439959593,
        5.273598067935072,
        3.945402257272576,
        2.5933351350799043,
        1.4072467326450253,
        0.5391877523791109,
        -0.03559370157457997,
        -0.34600167979354235,
        -0.47875365786244795,
        -0.467241024065686,
        -0.414084330967877,
        -0.33648167890937525,
        -0.2615279455823754,
        -0.1951625936525841,
        -0.14318233821353715,
        -0.10264092119762898,
        -0.07191870420597891,
        -0.050192549338623285,
        -0.035318772019155224,
        -0.02559023542022663,
        -0.018447118208384503,
        -0.013473131053434166
      ],
      "xi4": [
        6.771356726061858,
        7.676563116607311,
        3.1446541238460366,
        2.3561310682684375,
        0.7300120590592394,
        1.2983898559946652,
        4.418243681524631,
        4.692797851058781,
        4.476540803068369,
        4.284524277220264,
        3.566650478399902,
        2.7500594374036065,
        1.968548197972643,
        1.293943684732644,
        0.8014170849770419,
        0.447180051109911,
        0.25626377915017357,
        0.15095905846262325,
        0.08950360967836617,
        0.05593395347257142,
        0.03484394113643066,
        0.020856118653632336,
        0.01390404613931092,
        0.009028464813806404,
        0.005655067128502243,
        0.004013669072442551,
        0.0029926038222279445,
        0.000754504644132737,
        0.0007690988677729527,
        0.0011400264018064845
      ],
      "pk0": [
        12811.6328125,
        19317.689453125,
        18508.599609375,
        15951.26171875,
        12172.119140625,
        10582.25390625,
        9654.0419921875,
        7966.93505859375,
        6640.97412109375,
        5305.41796875,
        4652.8681640625,
        4146.5830078125,
        3999.598388671875,
        3586.319091796875,
        3417.5986328125,
        2895.599609375,
        2580.2216796875,
        2428.439208984375,
        2275.96435546875,
        2189.673583984375,
        2007.4744873046875,
        1856.98046875,
        1721.3927001953125,
        1618.92626953125,
        1557.836669921875,
        1450.981689453125,
        1419.4752197265625,
        1320.7884521484375,
        1264.23974609375,
        1200.11669921875,
        1151.91943359375,
        1103.131103515625,
        1068.0531005859375,
        1019.5869750976562,
        971.7935180664062,
        947.7759399414062,
        920.44384765625,
        882.255859375,
        858.3152465820312,
        826.9290771484375,
        807.0469360351562,
        783.4915771484375,
        761.4065551757812,
        737.7560424804688,
        720.3748779296875,
        699.8114624023438,
        686.6533203125,
        668.1680908203125,
        650.1593627929688,
        634.1585693359375
      ],