{
  "n_s": 0.9649,
  "omega_b": 0.02237,
  "omega_cdm": 0.12,
  "omega_ncdm": 0.0006442,
  "N_ncdm": 1.0,
  "N_ur": 2.0328,
  "H0": 67.36,
  "w0": -1.0,
  "wa": 0.0,
  "w": -1.0,
  "Omega_DE": 0.684808,
  "Omega_K": 0.0,
  "Omega_M": 0.315192,
  "Omega_Smooth": 0.00142,
  "Redshift": 3.000000000000001,
  "ScaleFactor": 0.2499999999999999,
  "OmegaNow_DE": 0.032833334036531,
  "OmegaNow_K": 0.0,
  "OmegaNow_m": 0.967166665963469,
  "f_growth": 0.979288442560314,
  "fsmooth": 0.004505190487068,
  "Growth": 0.249418949689528,
  "Growth_on_a_n": 0.993940156325808,
  "SimComment": "High-res LCDM, no lightcone",
  "SimName": "AbacusSummit_high_c000_ph100",
  "SimSet": "AbacusSummit",
  "BoxSize": 1000.0,
  "NP": 250047000000,
  "BoxSizeHMpc": 1000.0,
  "HubbleTimeHGyr": 9.7782,
  "ParticleMassHMsun": 348171260.2830668,
  "in_red": false,
  "R": [
    0.11091309729876157,
    0.13644213296402957,
    0.16784722545099995,
    0.20648087566196294,
    0.25400689168125296,
    0.3124720428210451,
    0.3843942063874456,
    0.4728708033212962,
    0.5817121926347302,
    0.7156057694473137,
    0.8803178337158138,
    1.0829419233953779,
    1.332204306820705,
    1.6388397907314871,
    2.0160540286005046,
    2.480092239170107,
    3.0509388277959832,
    3.753178040695723,
    4.617052717289861,
    5.679766737173531,
    6.987087253281098,
    8.595315713486082,
    10.573712555229267,
    13.007479995783413,
    16.00143137587279,
    19.684505081673592,
    24.215317443080846,
    29.788993750983398,
    36.645571580135716,
    45.080338317588115
  ],
  "k": [
    0.005,
    0.015,
    0.025,
    0.035,
    0.045,
    0.055,
    0.065,
    0.07500000000000001,
    0.08499999999999999,
    0.095,
    0.10500000000000001,
    0.11499999999999999,
    0.125,
    0.135,
    0.14500000000000002,
    0.155,
    0.165,
    0.175,
    0.185,
    0.195,
    0.20500000000000002,
    0.215,
    0.225,
    0.235,
    0.245,
    0.255,
    0.265,
    0.275,
    0.28500000000000003,
    0.295,
    0.305,
    0.315,
    0.325,
    0.335,
    0.34500000000000003,
    0.355,
    0.365,
    0.375,
    0.385,
    0.395,
    0.405,
    0.41500000000000004,
    0.425,
    0.435,
    0.445,
    0.455,
    0.465,
    0.475,
    0.485,
    0.495
  ],
  "hodkeys": [
    "logM_cut",
    "logM1",
    "sigma",
    "kappa",
    "alpha",
    "Acent",
    "Bcent",
    "Asat",
    "Bsat",
    "alpha_c",
    "alpha_s",
    "s",
    "s_v",
    "s_p",
    "s_r"
  ],
  "mocks": [
    {
      "hod": [
        11.25,
        11.948970004336019,
        0.66,
        1,
        0.66,
        0,
        0,
        0,
        0,
        0,
        1.0,
        1.0,
        1.0,
        1.0,
        1.0
      ],
      "nobj": 31493933,
      "fsat": 0.07479237350254098,
      "bias": 0.0,
      "wp": [
        84.00434113896233,
        74.69708808583337,
        64.44511605802948,
        55.950454890632265,
        48.695958145408625,
        43.10379212308597,
        38.21320425880406,
        34.02863453987105,
        30.54761919995179,
        27.38360765795331,
        24.58066585967763,
        22.07838144025063,
        19.756189228951417,
        17.62460289888839,
        15.708522072609494,
        13.930657696565977,
        12.270680708931915,
        10.70876068344428,
        9.257829122783058,
        7.863733233230274,
        6.647292358572816,
        5.506990582772951,
        4.455569940563761,
        3.5011327098626976,
        2.6620120378876257,
        1.9525996026696388,
        1.3759917268924866,
        0.9512792234397631,
        0.6159608987414469,
        0.3530427025241005
      ],
      "xi0": [
        169.13561644896046,
        132.05256001723717,
        90.6563939475636,
        60.498305436538686,
        40.91742459702399,
        28.445067750630972,
        20.206024877726858,
        14.393371785995349,
        10.477127585118653,
        7.679399508404017,
        5.632950725133974,
        4.180362406958844,
        3.124173892120281,
        2.348219723090006,
        1.7596705329914109,
        1.322967266204087,
        0.9923809660769813,
        0.7446423313001915,
        0.5549383747752238,
        0.4098041327313673,
        0.29880817492751216,
        0.21501552829199538,
        0.15175511998116936,
        0.10484515195174819,
        0.0707078751318592,
        0.04604164124384924,
        0.02896673020538683,
        0.01773269916229047,
        0.010396102941326504,
        0.005711606751460854
      ],
      "xi2": [
        -0.30368919079667656,
        -2.850517437901141,
        -0.5305166868283617,
        -1.5859732305805618,
        -0.19803546061747834,
        0.01685361910517047,
        0.058767783997660805,
        -0.07451213247279376,
        -0.17056551238751716,
        0.014808196463261813,
        -0.05668073541003321,
        -0.013063208302312446,
        -0.006063258851269904,
        -0.0123598083431041,
        -0.010025179933757927,
        -0.003910705331649986,
        -0.0018878817388964797,
        -0.0032129734847625296,
        -0.0021268394436894933,
        -0.0011889837387849336,
        -0.0015185763130148508,
        -0.0017896460301838543,
        -0.0005159454737604496,
        0.0010442047992900109,
        0.00047301408296234956,
        0.00089818415732005,
        0.0012260194027402917,
        0.0009037465311986369,
        0.00035057221926819546,
        -0.0003789084134944785
      ],
      "xi4": [
        -5.402750231580294,
        -4.988681597591823,
        -3.5933645889367423,
        -0.9335022874139747,
        -0.7950034017616328,
        -0.8402574898754149,
        -0.2589564593836158,
        -0.3622671944211939,
        -0.32391288664971796,
        -0.20268438885169043,
        -0.17401947897724301,
        -0.09963551004632393,
        -0.07498264364546664,
        -0.07459307925261394,
        -0.050813551140043156,
        -0.04290167648168275,
        -0.02891846217531277,
        -0.021208910512772378,
        -0.018445794680246853,
        -0.011770622510166678,
        -0.00834777969599372,
        -0.006041726641055749,
        -0.005469790506753754,
        -0.0040755481316811755,
        -0.0035681370543085783,
        -0.0016799690150837063,
        -0.0008565281298173672,
        -0.0007050086534472803,
        -0.0005115135843376156,
        -0.0005014834651560155
      ],
      "pk0": [
        1382.934326171875,
        2196.91015625,
        2084.20361328125,
        1812.5137939453125,
        1385.516357421875,
        1182.875,
        1087.249755859375,
        880.2031860351562,
        736.8601684570312,
        574.1026611328125,
        500.50390625,
        443.9762878417969,
        425.59429931640625,
        375.9663391113281,
        353.2275085449219,
        291.5668029785156,
        258.0411071777344,
        240.1594696044922,
        221.1647186279297,
        212.0425567626953,
        190.54632568359375,
        174.4928741455078,
        157.0823974609375,
        146.46090698242188,
        137.35289001464844,
        127.75566864013672,
        122.6389389038086,
        112.38887786865234,
        105.4791488647461,
        98.95285034179688,
        93.29737091064453,
        87.852783203125,
        84.26744842529297,
        79.02935028076172,
        74.60468292236328,
        71.70140838623047,
        68.59490966796875,
        64.88639068603516,
        61.763153076171875,
        59.46195983886719,
        56.80972671508789,
        54.58180618286133,
        52.23602294921875,
        49.56777572631836,
        47.736793518066406,
        46.21013259887695,
        44.55080032348633,
        42.54917907714844,
        40.900028228759766,
        39.452457427978516
      ],