{
  "n_s": 0.9649,
  "omega_b": 0.02237,
  "omega_cdm": 0.12,
  "omega_ncdm": 0.0006442,
  "N_ncdm": 1.0,
  "N_ur": 2.0328,
  "H0": 67.36,
  "w0": -1.0,
  "wa": 0.0,
  "w": -1.0,
  "Omega_DE": 0.684808,
  "Omega_K": 0.0,
  "Omega_M": 0.315192,
  "Omega_Smooth": 0.00142,
  "Redshift": 2.5,
  "ScaleFactor": 0.2857142857142858,
  "OmegaNow_DE": 0.048230449834544,
  "OmegaNow_K": 0.0,
  "OmegaNow_m": 0.951769550165456,
  "f_growth": 0.970743605374269,
  "fsmooth": 0.004505190487068,
  "Growth": 0.284110981296256,
  "Growth_on_a_n": 0.991023134462663,
  "SimComment": "High-res LCDM, no lightcone",
  "SimName": "AbacusSummit_high_c000_ph100",
  "SimSet": "AbacusSummit",
  "BoxSize": 1000.0,
  "NP": 250047000000,
  "BoxSizeHMpc": 1000.0,
  "HubbleTimeHGyr": 9.7782,
  "ParticleMassHMsun": 348171260.2830668,
  "in_red": false,
  "R": [
    0.11091309729876157,
    0.13644213296402957,
    0.16784722545099995,
    0.20648087566196294,
    0.25400689168125296,
    0.3124720428210451,
    0.3843942063874456,
    0.4728708033212962,
    0.5817121926347302,
    0.7156057694473137,
    0.8803178337158138,
    1.0829419233953779,
    1.332204306820705,
    1.6388397907314871,
    2.0160540286005046,
    2.480092239170107,
    3.0509388277959832,
    3.753178040695723,
    4.617052717289861,
    5.679766737173531,
    6.987087253281098,
    8.595315713486082,
    10.573712555229267,
    13.007479995783413,
    16.00143137587279,
    19.684505081673592,
    24.215317443080846,
    29.788993750983398,
    36.645571580135716,
    45.080338317588115
  ],
  "k": [
    0.005,
    0.015,
    0.025,
    0.035,
    0.045,
    0.055,
    0.065,
    0.07500000000000001,
    0.08499999999999999,
    0.095,
    0.10500000000000001,
    0.11499999999999999,
    0.125,
    0.135,
    0.14500000000000002,
    0.155,
    0.165,
    0.175,
    0.185,
    0.195,
    0.20500000000000002,
    0.215,
    0.225,
    0.235,
    0.245,
    0.255,
    0.265,
    0.275,
    0.28500000000000003,
    0.295,
    0.305,
    0.315,
    0.325,
    0.335,
    0.34500000000000003,
    0.355,
    0.365,
    0.375,
    0.385,
    0.395,
    0.405,
    0.41500000000000004,
    0.425,
    0.435,
    0.445,
    0.455,
    0.465,
    0.475,
    0.485,
    0.495
  ],
  "hodkeys": [
    "logM_cut",
    "logM1",
    "sigma",
    "kappa",
    "alpha",
    "Acent",
    "Bcent",
    "Asat",
    "Bsat",
    "alpha_c",
    "alpha_s",
    "s",
    "s_v",
    "s_p",
    "s_r"
  ],
  "mocks": [
    {
      "hod": [
        11.25,
        11.948970004336019,
        0.66,
        1,
        0.33,
        0,
        0,
        0,
        0,
        0,
        1.0,
        1.0,
        1.0,
        1.0,
        1.0
      ],
      "nobj": 39387780,
      "fsat": 0.121941703746695,
      "bias": 0.0,
      "wp": [
        79.804802715108,
        67.95547627581892,
        57.06936609839727,
        48.491107096020265,
        43.0895655874687,
        38.72320324863579,
        34.81596914996949,
        31.248048584611265,
        27.93773654621134,
        25.263595399884622,
        22.74803254241292,
        20.350586621836932,
        18.380429538364993,
        16.355228779721074,
        14.648641103342397,
        13.014427814112063,
        11.456393451019661,
        9.987335766411004,
        8.665958608666031,
        7.4110520870896615,
        6.251389809490861,
        5.165500322148983,
        4.1931086647576565,
        3.2991182122223948,
        2.5224493212947388,
        1.8566643535901304,
        1.3147111162777279,
        0.8893725885507022,
        0.5815004744769054,
        0.33048906474298034
      ],
      "xi0": [
        190.00350740777097,
        129.74572033013746,
        78.83899477326891,
        49.475123021874495,
        33.97909965753516,
        24.067477845435384,
        17.659155394663006,
        12.83227487007171,
        9.440692653963003,
        6.953421385754661,
        5.159833487947727,
        3.83850585273119,
        2.8708858084094335,
        2.154037713942453,
        1.622451496232038,
        1.2236341305273641,
        0.9219723071595108,
        0.6913895659678599,
        0.5166470302369064,
        0.38250601197920886,
        0.2796623933163302,
        0.2018152034392141,
        0.14287989023868977,
        0.09878245049526124,
        0.06667879401453113,
        0.0436560290261055,
        0.0274434227420087,
        0.01675817313423633,
        0.009828927175789526,
        0.005335520323828396
      ],
      "xi2": [
        -1.6566846931454382,
        0.2711344957820838,
        -1.4335553016212588,
        0.09654323620486682,
        -0.04831820257700681,
        -0.3896516126218341,
        -0.015321944570639845,
        0.07461411201581836,
        0.008683433005397534,
        0.01858509892001481,
        0.004106371968891631,
        -0.018483109677838727,
        -0.01644158893846573,
        -0.005197548717598144,
        -0.012213397393436853,
        -0.0028485352289297355,
        -0.0036140116227300484,
        -0.0023836190103623117,
        -0.0026483188561198315,
        -0.001853978104133288,
        -0.0024218107653495823,
        -0.0012126118768626855,
        -0.0004187479920678659,
        0.00037682251658631254,
        0.00047056259461651564,
        0.0005934798988933279,
        0.0008519164755762003,
        0.0008539594672160177,
        0.00036485357932257727,
        -0.00027698186362533713
      ],
      "xi4": [
        -5.784527617059117,
        -3.9661937696781138,
        -1.2549174434728778,
        -0.8622237781350499,
        -1.1064582552358753,
        -0.3960145979050491,
        -0.39129376077157463,
        -0.3578033275576943,
        -0.2944845013182439,
        -0.18125262948006354,
        -0.14742784250810548,
        -0.08388306772186999,
        -0.07554582169681115,
        -0.05996061814971029,
        -0.04819318196191441,
        -0.030994952523728803,
        -0.024941721481526596,
        -0.021798787904757568,
        -0.014569006499505186,
        -0.009750905684824594,
        -0.008635997604962628,
        -0.006745962667255072,
        -0.005579565244131209,
        -0.003546764699776956,
        -0.0021733579415926887,
        -0.0007145335803958618,
        1.548058932212995e-05,
        -0.0007648747305829379,
        -0.0006015986435328383,
        -0.0002878510274730125
      ],
      "pk0": [
        3344.31884765625,
        5430.21044921875,
        5079.42822265625,
        4425.36865234375,
        3399.7509765625,
        2890.18115234375,
        2672.315673828125,
        2165.794189453125,
        1814.6861572265625,
        1419.5821533203125,
        1230.456787109375,
        1102.10498046875,
        1048.7099609375,
        929.607177734375,
        878.2379150390625,
        723.5097045898438,
        645.6629638671875,
        601.909912109375,
        551.8479614257812,
        527.941650390625,
        474.255859375,
        437.96978759765625,
        394.06396484375,
        369.7808837890625,
        347.5516662597656,
        322.4519958496094,
        309.3990783691406,
        284.9954833984375,
        268.5801086425781,
        252.57192993164062,
        237.8072967529297,
        223.63084411621094,
        214.95858764648438,
        202.7808074951172,
        191.78445434570312,
        184.25314331054688,
        176.27023315429688,
        167.93519592285156,
        160.05979919433594,
        153.21365356445312,
        146.81008911132812,
        141.4022216796875,
        136.05030822753906,
        129.44190979003906,
        124.44487762451172,
        120.56964874267578,
        116.48432159423828,
        111.48021697998047,
        107.36328887939453,
        103.30670928955078
      ],